{
  "micro_image_name": "micro_0033_D9.jpg",
  "text": "D9",
  "global_poly": [
    [
      1648,
      754
    ],
    [
      1686,
      758
    ],
    [
      1683,
      789
    ],
    [
      1645,
      786
    ]
  ],
  "micro_poly": [
    [
      73,
      40
    ],
    [
      111,
      44
    ],
    [
      108,
      75
    ],
    [
      70,
      72
    ]
  ],
  "source_split_image": "split_1_700_0.jpg",
  "split_poly": [
    [
      948,
      754
    ],
    [
      986,
      758
    ],
    [
      983,
      789
    ],
    [
      945,
      786
    ]
  ],
  "color_presence": {
    "blue": true,
    "green": true,
    "yellow": true,
    "red": true,
    "white": true
  },
  "color_stats": {
    "blue": {
      "pixels": 141,
      "ratio": 0.0033536295309675576
    },
    "green": {
      "pixels": 342,
      "ratio": 0.008134335458091523
    },
    "yellow": {
      "pixels": 396,
      "ratio": 0.00941870421463229
    },
    "red": {
      "pixels": 428,
      "ratio": 0.010179811625915707
    },
    "white": {
      "pixels": 40709,
      "ratio": 0.9682475501855199
    }
  },
  "color_valid_pixels": 42044,
  "re_ocr_text": "D9",
  "re_ocr_confidence": 1.0,
  "re_ocr_details": [
    {
      "text": "D9",
      "confidence": 1.0,
      "color_info": null,
      "matched_key": "D9",
      "color_presence": {
        "blue": true,
        "green": true,
        "yellow": true,
        "red": true,
        "white": true
      },
      "color_stats": {
        "blue": {
          "pixels": 141,
          "ratio": 0.0033536295309675576
        },
        "green": {
          "pixels": 342,
          "ratio": 0.008134335458091523
        },
        "yellow": {
          "pixels": 396,
          "ratio": 0.00941870421463229
        },
        "red": {
          "pixels": 428,
          "ratio": 0.010179811625915707
        },
        "white": {
          "pixels": 40709,
          "ratio": 0.9682475501855199
        }
      }
    }
  ],
  "matched_keys": [
    "D9"
  ]
}