{
  "micro_image_name": "micro_0063_D9.jpg",
  "text": "D9",
  "global_poly": [
    [
      1647,
      753
    ],
    [
      1687,
      757
    ],
    [
      1683,
      792
    ],
    [
      1644,
      789
    ]
  ],
  "micro_poly": [
    [
      73,
      40
    ],
    [
      113,
      44
    ],
    [
      109,
      79
    ],
    [
      70,
      76
    ]
  ],
  "source_split_image": "split_9_700_700.jpg",
  "split_poly": [
    [
      947,
      53
    ],
    [
      987,
      57
    ],
    [
      983,
      92
    ],
    [
      944,
      89
    ]
  ],
  "color_presence": {
    "blue": true,
    "green": true,
    "yellow": true,
    "red": true,
    "white": true
  },
  "color_stats": {
    "blue": {
      "pixels": 144,
      "ratio": 0.003291729529556988
    },
    "green": {
      "pixels": 374,
      "ratio": 0.00854935308371051
    },
    "yellow": {
      "pixels": 404,
      "ratio": 0.009235130069034883
    },
    "red": {
      "pixels": 474,
      "ratio": 0.010835276368125086
    },
    "white": {
      "pixels": 42320,
      "ratio": 0.9674027339642481
    }
  },
  "color_valid_pixels": 43746,
  "re_ocr_text": "D9",
  "re_ocr_confidence": 1.0,
  "re_ocr_details": [
    {
      "text": "D9",
      "confidence": 1.0,
      "color_info": null,
      "matched_key": "D9",
      "color_presence": {
        "blue": true,
        "green": true,
        "yellow": true,
        "red": true,
        "white": true
      },
      "color_stats": {
        "blue": {
          "pixels": 144,
          "ratio": 0.003291729529556988
        },
        "green": {
          "pixels": 374,
          "ratio": 0.00854935308371051
        },
        "yellow": {
          "pixels": 404,
          "ratio": 0.009235130069034883
        },
        "red": {
          "pixels": 474,
          "ratio": 0.010835276368125086
        },
        "white": {
          "pixels": 42320,
          "ratio": 0.9674027339642481
        }
      }
    }
  ],
  "matched_keys": [
    "D9"
  ]
}