{
  "micro_image_name": "micro_0053_D8.jpg",
  "text": "D8",
  "global_poly": [
    [
      3649,
      700
    ],
    [
      3681,
      700
    ],
    [
      3681,
      727
    ],
    [
      3649,
      727
    ]
  ],
  "micro_poly": [
    [
      300,
      40
    ],
    [
      332,
      40
    ],
    [
      332,
      67
    ],
    [
      300,
      67
    ]
  ],
  "source_split_image": "split_4_2800_0.jpg",
  "split_poly": [
    [
      849,
      700
    ],
    [
      881,
      700
    ],
    [
      881,
      727
    ],
    [
      849,
      727
    ]
  ],
  "color_presence": {
    "blue": true,
    "green": true,
    "yellow": true,
    "red": true,
    "white": true
  },
  "color_stats": {
    "blue": {
      "pixels": 139,
      "ratio": 0.002267721673872257
    },
    "green": {
      "pixels": 498,
      "ratio": 0.008124643119340892
    },
    "yellow": {
      "pixels": 461,
      "ratio": 0.007521004975936047
    },
    "red": {
      "pixels": 488,
      "ratio": 0.00796149767517742
    },
    "white": {
      "pixels": 59705,
      "ratio": 0.974059874378008
    }
  },
  "color_valid_pixels": 61295,
  "re_ocr_text": "D8",
  "re_ocr_confidence": 1.0,
  "re_ocr_details": [
    {
      "text": "D8",
      "confidence": 1.0,
      "color_info": null,
      "matched_key": "D8",
      "color_presence": {
        "blue": true,
        "green": true,
        "yellow": true,
        "red": true,
        "white": true
      },
      "color_stats": {
        "blue": {
          "pixels": 139,
          "ratio": 0.002267721673872257
        },
        "green": {
          "pixels": 498,
          "ratio": 0.008124643119340892
        },
        "yellow": {
          "pixels": 461,
          "ratio": 0.007521004975936047
        },
        "red": {
          "pixels": 488,
          "ratio": 0.00796149767517742
        },
        "white": {
          "pixels": 59705,
          "ratio": 0.974059874378008
        }
      }
    }
  ],
  "matched_keys": [
    "D8"
  ]
}