{
  "micro_image_name": "micro_0027_D1.jpg",
  "text": "D1",
  "global_poly": [
    [
      796,
      497
    ],
    [
      831,
      497
    ],
    [
      831,
      526
    ],
    [
      796,
      526
    ]
  ],
  "micro_poly": [
    [
      300,
      40
    ],
    [
      335,
      40
    ],
    [
      335,
      69
    ],
    [
      300,
      69
    ]
  ],
  "source_split_image": "split_1_700_0.jpg",
  "split_poly": [
    [
      96,
      497
    ],
    [
      131,
      497
    ],
    [
      131,
      526
    ],
    [
      96,
      526
    ]
  ],
  "color_presence": {
    "blue": true,
    "green": true,
    "yellow": true,
    "red": true,
    "white": true
  },
  "color_stats": {
    "blue": {
      "pixels": 138,
      "ratio": 0.0022003252654740264
    },
    "green": {
      "pixels": 531,
      "ratio": 0.008466468956280494
    },
    "yellow": {
      "pixels": 822,
      "ratio": 0.013106285276953985
    },
    "red": {
      "pixels": 475,
      "ratio": 0.007573583341305526
    },
    "white": {
      "pixels": 60731,
      "ratio": 0.9683185050543703
    }
  },
  "color_valid_pixels": 62718,
  "re_ocr_text": "D1",
  "re_ocr_confidence": 1.0,
  "re_ocr_details": [
    {
      "text": "D1",
      "confidence": 1.0,
      "color_info": null,
      "matched_key": "D1",
      "color_presence": {
        "blue": true,
        "green": true,
        "yellow": true,
        "red": true,
        "white": true
      },
      "color_stats": {
        "blue": {
          "pixels": 138,
          "ratio": 0.0022003252654740264
        },
        "green": {
          "pixels": 531,
          "ratio": 0.008466468956280494
        },
        "yellow": {
          "pixels": 822,
          "ratio": 0.013106285276953985
        },
        "red": {
          "pixels": 475,
          "ratio": 0.007573583341305526
        },
        "white": {
          "pixels": 60731,
          "ratio": 0.9683185050543703
        }
      }
    }
  ],
  "matched_keys": [
    "D1"
  ]
}