{
  "micro_image_name": "micro_0001_D1.jpg",
  "text": "D1",
  "global_poly": [
    [
      798,
      498
    ],
    [
      829,
      498
    ],
    [
      829,
      525
    ],
    [
      798,
      525
    ]
  ],
  "micro_poly": [
    [
      300,
      40
    ],
    [
      331,
      40
    ],
    [
      331,
      67
    ],
    [
      300,
      67
    ]
  ],
  "source_split_image": "split_0_0_0.jpg",
  "split_poly": [
    [
      798,
      498
    ],
    [
      829,
      498
    ],
    [
      829,
      525
    ],
    [
      798,
      525
    ]
  ],
  "color_presence": {
    "blue": true,
    "green": true,
    "yellow": true,
    "red": true,
    "white": true
  },
  "color_stats": {
    "blue": {
      "pixels": 138,
      "ratio": 0.0022566718995290424
    },
    "green": {
      "pixels": 531,
      "ratio": 0.008683281004709576
    },
    "yellow": {
      "pixels": 822,
      "ratio": 0.013441915227629513
    },
    "red": {
      "pixels": 475,
      "ratio": 0.007767530088958661
    },
    "white": {
      "pixels": 59165,
      "ratio": 0.9675071951857667
    }
  },
  "color_valid_pixels": 61152,
  "re_ocr_text": "D1",
  "re_ocr_confidence": 1.0,
  "re_ocr_details": [
    {
      "text": "D1",
      "confidence": 1.0,
      "color_info": null,
      "matched_key": "D1",
      "color_presence": {
        "blue": true,
        "green": true,
        "yellow": true,
        "red": true,
        "white": true
      },
      "color_stats": {
        "blue": {
          "pixels": 138,
          "ratio": 0.0022566718995290424
        },
        "green": {
          "pixels": 531,
          "ratio": 0.008683281004709576
        },
        "yellow": {
          "pixels": 822,
          "ratio": 0.013441915227629513
        },
        "red": {
          "pixels": 475,
          "ratio": 0.007767530088958661
        },
        "white": {
          "pixels": 59165,
          "ratio": 0.9675071951857667
        }
      }
    }
  ],
  "matched_keys": [
    "D1"
  ]
}