{
  "micro_image_name": "micro_0060_D18.jpg",
  "text": "D18",
  "global_poly": [
    [
      4131,
      733
    ],
    [
      4185,
      733
    ],
    [
      4185,
      764
    ],
    [
      4131,
      764
    ]
  ],
  "micro_poly": [
    [
      300,
      40
    ],
    [
      354,
      40
    ],
    [
      354,
      71
    ],
    [
      300,
      71
    ]
  ],
  "source_split_image": "split_5_3500_0.jpg",
  "split_poly": [
    [
      631,
      733
    ],
    [
      685,
      733
    ],
    [
      685,
      764
    ],
    [
      631,
      764
    ]
  ],
  "color_presence": {
    "blue": true,
    "green": true,
    "yellow": true,
    "red": true,
    "white": true
  },
  "color_stats": {
    "blue": {
      "pixels": 130,
      "ratio": 0.0030303030303030303
    },
    "green": {
      "pixels": 504,
      "ratio": 0.011748251748251748
    },
    "yellow": {
      "pixels": 799,
      "ratio": 0.018624708624708625
    },
    "red": {
      "pixels": 488,
      "ratio": 0.011375291375291375
    },
    "white": {
      "pixels": 40974,
      "ratio": 0.9551048951048952
    }
  },
  "color_valid_pixels": 42900,
  "re_ocr_text": "D18",
  "re_ocr_confidence": 1.0,
  "re_ocr_details": [
    {
      "text": "D18",
      "confidence": 1.0,
      "color_info": null,
      "matched_key": "D18",
      "color_presence": {
        "blue": true,
        "green": true,
        "yellow": true,
        "red": true,
        "white": true
      },
      "color_stats": {
        "blue": {
          "pixels": 130,
          "ratio": 0.0030303030303030303
        },
        "green": {
          "pixels": 504,
          "ratio": 0.011748251748251748
        },
        "yellow": {
          "pixels": 799,
          "ratio": 0.018624708624708625
        },
        "red": {
          "pixels": 488,
          "ratio": 0.011375291375291375
        },
        "white": {
          "pixels": 40974,
          "ratio": 0.9551048951048952
        }
      }
    }
  ],
  "matched_keys": [
    "D18"
  ]
}