{
  "micro_image_name": "micro_0006_FXII.jpg",
  "text": "FXII",
  "global_poly": [
    [
      3268,
      859
    ],
    [
      3375,
      859
    ],
    [
      3375,
      910
    ],
    [
      3268,
      910
    ]
  ],
  "micro_poly": [
    [
      0,
      40
    ],
    [
      107,
      40
    ],
    [
      107,
      91
    ],
    [
      0,
      91
    ]
  ],
  "source_split_image": "split_12_2800_700.jpg",
  "split_poly": [
    [
      468,
      159
    ],
    [
      575,
      159
    ],
    [
      575,
      210
    ],
    [
      468,
      210
    ]
  ],
  "color_presence": {
    "blue": false,
    "green": true,
    "yellow": false,
    "red": true,
    "white": true
  },
  "color_stats": {
    "blue": {
      "pixels": 3,
      "ratio": 6.503360069369174e-05
    },
    "green": {
      "pixels": 1457,
      "ratio": 0.03158465207023629
    },
    "yellow": {
      "pixels": 1,
      "ratio": 2.1677866897897247e-05
    },
    "red": {
      "pixels": 477,
      "ratio": 0.010340342510296988
    },
    "white": {
      "pixels": 44186,
      "ratio": 0.9578582267504877
    }
  },
  "color_valid_pixels": 46130
}