{
  "micro_image_name": "micro_0013_FS.jpg",
  "text": "FS",
  "global_poly": [
    [
      4706,
      986
    ],
    [
      4770,
      983
    ],
    [
      4773,
      1051
    ],
    [
      4710,
      1054
    ]
  ],
  "micro_poly": [
    [
      300,
      43
    ],
    [
      364,
      40
    ],
    [
      367,
      108
    ],
    [
      304,
      111
    ]
  ],
  "source_split_image": "split_14_4200_700.jpg",
  "split_poly": [
    [
      506,
      286
    ],
    [
      570,
      283
    ],
    [
      573,
      351
    ],
    [
      510,
      354
    ]
  ],
  "color_presence": {
    "blue": false,
    "green": false,
    "yellow": true,
    "red": false,
    "white": true
  },
  "color_stats": {
    "blue": {
      "pixels": 0,
      "ratio": 0.0
    },
    "green": {
      "pixels": 2,
      "ratio": 3.2193677161805424e-05
    },
    "yellow": {
      "pixels": 408,
      "ratio": 0.006567510141008306
    },
    "red": {
      "pixels": 1,
      "ratio": 1.6096838580902712e-05
    },
    "white": {
      "pixels": 61713,
      "ratio": 0.993384199343249
    }
  },
  "color_valid_pixels": 62124
}