{
  "micro_image_name": "micro_0000_XF.jpg",
  "text": "XF",
  "global_poly": [
    [
      744,
      862
    ],
    [
      799,
      857
    ],
    [
      802,
      900
    ],
    [
      748,
      904
    ]
  ],
  "micro_poly": [
    [
      70,
      45
    ],
    [
      125,
      40
    ],
    [
      128,
      83
    ],
    [
      74,
      87
    ]
  ],
  "source_split_image": "split_0_0_0.jpg",
  "split_poly": [
    [
      744,
      862
    ],
    [
      799,
      857
    ],
    [
      802,
      900
    ],
    [
      748,
      904
    ]
  ],
  "color_presence": {
    "blue": false,
    "green": true,
    "yellow": true,
    "red": true,
    "white": true
  },
  "color_stats": {
    "blue": {
      "pixels": 14,
      "ratio": 0.00030421555845284656
    },
    "green": {
      "pixels": 898,
      "ratio": 0.019513255106475447
    },
    "yellow": {
      "pixels": 1417,
      "ratio": 0.030790960451977403
    },
    "red": {
      "pixels": 906,
      "ratio": 0.0196870925684485
    },
    "white": {
      "pixels": 42775,
      "ratio": 0.9294871794871795
    }
  },
  "color_valid_pixels": 46020
}