{
  "micro_image_name": "micro_0017_x10.jpg",
  "text": "x10",
  "global_poly": [
    [
      3579,
      693
    ],
    [
      3694,
      678
    ],
    [
      3702,
      744
    ],
    [
      3587,
      758
    ]
  ],
  "micro_poly": [
    [
      298,
      55
    ],
    [
      413,
      40
    ],
    [
      421,
      106
    ],
    [
      306,
      120
    ]
  ],
  "source_split_image": "split_4_2800_0.jpg",
  "split_poly": [
    [
      779,
      693
    ],
    [
      894,
      678
    ],
    [
      902,
      744
    ],
    [
      787,
      758
    ]
  ],
  "color_presence": {
    "blue": false,
    "green": true,
    "yellow": false,
    "red": false,
    "white": true
  },
  "color_stats": {
    "blue": {
      "pixels": 1,
      "ratio": 1.550916591705698e-05
    },
    "green": {
      "pixels": 191,
      "ratio": 0.002962250690157883
    },
    "yellow": {
      "pixels": 0,
      "ratio": 0.0
    },
    "red": {
      "pixels": 2,
      "ratio": 3.101833183411396e-05
    },
    "white": {
      "pixels": 64279,
      "ratio": 0.9969136759825057
    }
  },
  "color_valid_pixels": 64478,
  "re_ocr_text": "",
  "re_ocr_confidence": 0.0,
  "re_ocr_details": [],
  "matched_keys": []
}