{
  "micro_image_name": "micro_0015_XF.jpg",
  "text": "XF",
  "global_poly": [
    [
      745,
      862
    ],
    [
      799,
      859
    ],
    [
      801,
      901
    ],
    [
      747,
      904
    ]
  ],
  "micro_poly": [
    [
      70,
      43
    ],
    [
      124,
      40
    ],
    [
      126,
      82
    ],
    [
      72,
      85
    ]
  ],
  "source_split_image": "split_1_700_0.jpg",
  "split_poly": [
    [
      45,
      862
    ],
    [
      99,
      859
    ],
    [
      101,
      901
    ],
    [
      47,
      904
    ]
  ],
  "color_presence": {
    "blue": false,
    "green": true,
    "yellow": true,
    "red": true,
    "white": true
  },
  "color_stats": {
    "blue": {
      "pixels": 14,
      "ratio": 0.00031056589542802633
    },
    "green": {
      "pixels": 898,
      "ratio": 0.019920583863883404
    },
    "yellow": {
      "pixels": 1417,
      "ratio": 0.03143370527296524
    },
    "red": {
      "pixels": 906,
      "ratio": 0.020098050089842275
    },
    "white": {
      "pixels": 41834,
      "ratio": 0.9280152620954325
    }
  },
  "color_valid_pixels": 45079
}