{
  "micro_image_name": "micro_0022_D1.jpg",
  "text": "D1",
  "global_poly": [
    [
      1175,
      842
    ],
    [
      1225,
      842
    ],
    [
      1225,
      885
    ],
    [
      1175,
      885
    ]
  ],
  "micro_poly": [
    [
      300,
      40
    ],
    [
      350,
      40
    ],
    [
      350,
      83
    ],
    [
      300,
      83
    ]
  ],
  "source_split_image": "split_9_700_700.jpg",
  "split_poly": [
    [
      475,
      142
    ],
    [
      525,
      142
    ],
    [
      525,
      185
    ],
    [
      475,
      185
    ]
  ],
  "color_presence": {
    "blue": true,
    "green": true,
    "yellow": true,
    "red": true,
    "white": true
  },
  "color_stats": {
    "blue": {
      "pixels": 291,
      "ratio": 0.005989872792392244
    },
    "green": {
      "pixels": 885,
      "ratio": 0.018216623440780535
    },
    "yellow": {
      "pixels": 703,
      "ratio": 0.014470379976122844
    },
    "red": {
      "pixels": 903,
      "ratio": 0.01858713103618624
    },
    "white": {
      "pixels": 45795,
      "ratio": 0.9426330739780165
    }
  },
  "color_valid_pixels": 48582,
  "re_ocr_text": "D1",
  "re_ocr_confidence": 1.0,
  "re_ocr_details": [
    {
      "text": "D1",
      "confidence": 1.0,
      "color_info": null,
      "matched_key": "D1",
      "color_presence": {
        "blue": true,
        "green": true,
        "yellow": true,
        "red": true,
        "white": true
      },
      "color_stats": {
        "blue": {
          "pixels": 291,
          "ratio": 0.005989872792392244
        },
        "green": {
          "pixels": 885,
          "ratio": 0.018216623440780535
        },
        "yellow": {
          "pixels": 703,
          "ratio": 0.014470379976122844
        },
        "red": {
          "pixels": 903,
          "ratio": 0.01858713103618624
        },
        "white": {
          "pixels": 45795,
          "ratio": 0.9426330739780165
        }
      }
    }
  ],
  "matched_keys": [
    "D1"
  ]
}