{
  "micro_image_name": "micro_0008_x30.jpg",
  "text": "x30",
  "global_poly": [
    [
      3506,
      1043
    ],
    [
      3629,
      1030
    ],
    [
      3636,
      1098
    ],
    [
      3514,
      1110
    ]
  ],
  "micro_poly": [
    [
      291,
      53
    ],
    [
      414,
      40
    ],
    [
      421,
      108
    ],
    [
      299,
      120
    ]
  ],
  "source_split_image": "split_12_2800_700.jpg",
  "split_poly": [
    [
      706,
      343
    ],
    [
      829,
      330
    ],
    [
      836,
      398
    ],
    [
      714,
      410
    ]
  ],
  "color_presence": {
    "blue": false,
    "green": true,
    "yellow": false,
    "red": true,
    "white": true
  },
  "color_stats": {
    "blue": {
      "pixels": 2,
      "ratio": 1.8768240383622835e-05
    },
    "green": {
      "pixels": 1066,
      "ratio": 0.010003472124470971
    },
    "yellow": {
      "pixels": 4,
      "ratio": 3.753648076724567e-05
    },
    "red": {
      "pixels": 889,
      "ratio": 0.008342482850520349
    },
    "white": {
      "pixels": 104600,
      "ratio": 0.9815789720634742
    }
  },
  "color_valid_pixels": 106563
}