{
  "micro_image_name": "micro_0019_FXII.jpg",
  "text": "FXII",
  "global_poly": [
    [
      3269,
      861
    ],
    [
      3373,
      861
    ],
    [
      3373,
      909
    ],
    [
      3269,
      909
    ]
  ],
  "micro_poly": [
    [
      0,
      40
    ],
    [
      104,
      40
    ],
    [
      104,
      88
    ],
    [
      0,
      88
    ]
  ],
  "source_split_image": "split_4_2800_0.jpg",
  "split_poly": [
    [
      469,
      861
    ],
    [
      573,
      861
    ],
    [
      573,
      909
    ],
    [
      469,
      909
    ]
  ],
  "color_presence": {
    "blue": false,
    "green": true,
    "yellow": false,
    "red": true,
    "white": true
  },
  "color_stats": {
    "blue": {
      "pixels": 3,
      "ratio": 6.724648076750651e-05
    },
    "green": {
      "pixels": 1457,
      "ratio": 0.03265937415941899
    },
    "yellow": {
      "pixels": 1,
      "ratio": 2.2415493589168833e-05
    },
    "red": {
      "pixels": 409,
      "ratio": 0.009167936877970052
    },
    "white": {
      "pixels": 42736,
      "ratio": 0.9579485340267193
    }
  },
  "color_valid_pixels": 44612
}