{
  "micro_image_name": "micro_0011_x30.jpg",
  "text": "x30",
  "global_poly": [
    [
      3511,
      1041
    ],
    [
      3626,
      1034
    ],
    [
      3630,
      1098
    ],
    [
      3515,
      1105
    ]
  ],
  "micro_poly": [
    [
      296,
      47
    ],
    [
      411,
      40
    ],
    [
      415,
      104
    ],
    [
      300,
      111
    ]
  ],
  "source_split_image": "split_13_3500_700.jpg",
  "split_poly": [
    [
      11,
      341
    ],
    [
      126,
      334
    ],
    [
      130,
      398
    ],
    [
      15,
      405
    ]
  ],
  "color_presence": {
    "blue": false,
    "green": true,
    "yellow": false,
    "red": true,
    "white": true
  },
  "color_stats": {
    "blue": {
      "pixels": 2,
      "ratio": 1.9985610360540412e-05
    },
    "green": {
      "pixels": 965,
      "ratio": 0.009643056998960748
    },
    "yellow": {
      "pixels": 4,
      "ratio": 3.9971220721080824e-05
    },
    "red": {
      "pixels": 889,
      "ratio": 0.008883603805260213
    },
    "white": {
      "pixels": 98210,
      "ratio": 0.9813933967543369
    }
  },
  "color_valid_pixels": 100072
}