{
  "micro_image_name": "micro_0007_FSI.jpg",
  "text": "FSI",
  "global_poly": [
    [
      3352,
      954
    ],
    [
      3476,
      966
    ],
    [
      3470,
      1025
    ],
    [
      3346,
      1013
    ]
  ],
  "micro_poly": [
    [
      299,
      40
    ],
    [
      423,
      52
    ],
    [
      417,
      111
    ],
    [
      293,
      99
    ]
  ],
  "source_split_image": "split_12_2800_700.jpg",
  "split_poly": [
    [
      552,
      254
    ],
    [
      676,
      266
    ],
    [
      670,
      325
    ],
    [
      546,
      313
    ]
  ],
  "color_presence": {
    "blue": false,
    "green": true,
    "yellow": false,
    "red": true,
    "white": true
  },
  "color_stats": {
    "blue": {
      "pixels": 2,
      "ratio": 2.12300702715326e-05
    },
    "green": {
      "pixels": 1059,
      "ratio": 0.011241322208776511
    },
    "yellow": {
      "pixels": 4,
      "ratio": 4.24601405430652e-05
    },
    "red": {
      "pixels": 481,
      "ratio": 0.00510583190030359
    },
    "white": {
      "pixels": 92658,
      "ratio": 0.9835679256098337
    }
  },
  "color_valid_pixels": 94206
}