{
  "micro_image_name": "micro_0018_x_3c0_0.jpg",
  "text": "xπ0",
  "global_poly": [
    [
      3491,
      842
    ],
    [
      3631,
      842
    ],
    [
      3631,
      940
    ],
    [
      3491,
      940
    ]
  ],
  "micro_poly": [
    [
      0,
      40
    ],
    [
      140,
      40
    ],
    [
      140,
      138
    ],
    [
      0,
      138
    ]
  ],
  "source_split_image": "split_4_2800_0.jpg",
  "split_poly": [
    [
      691,
      842
    ],
    [
      831,
      842
    ],
    [
      831,
      940
    ],
    [
      691,
      940
    ]
  ],
  "color_presence": {
    "blue": false,
    "green": true,
    "yellow": false,
    "red": true,
    "white": true
  },
  "color_stats": {
    "blue": {
      "pixels": 4,
      "ratio": 5.800884634906823e-05
    },
    "green": {
      "pixels": 871,
      "ratio": 0.012631426292509608
    },
    "yellow": {
      "pixels": 1,
      "ratio": 1.4502211587267058e-05
    },
    "red": {
      "pixels": 896,
      "ratio": 0.012993981582191285
    },
    "white": {
      "pixels": 67175,
      "ratio": 0.9741860633746646
    }
  },
  "color_valid_pixels": 68955,
  "re_ocr_text": "X",
  "re_ocr_confidence": 0.8868289589881897,
  "re_ocr_details": [
    {
      "text": "X",
      "confidence": 0.8868289589881897,
      "color_info": null,
      "matched_key": "X",
      "template_match_res": 0,
      "template_match_score": false,
      "black_pixel_count": 0,
      "black_radio": 0,
      "template_name": "color_detection",
      "color_centers_separate": {
        "red": [
          [
            182,
            88
          ]
        ],
        "yellow": [],
        "green": [
          [
            148,
            88
          ]
        ]
      },
      "color_presence": {
        "blue": false,
        "green": true,
        "yellow": false,
        "red": true,
        "white": true
      },
      "color_stats": {
        "blue": {
          "pixels": 4,
          "ratio": 5.800884634906823e-05
        },
        "green": {
          "pixels": 871,
          "ratio": 0.012631426292509608
        },
        "yellow": {
          "pixels": 1,
          "ratio": 1.4502211587267058e-05
        },
        "red": {
          "pixels": 896,
          "ratio": 0.012993981582191285
        },
        "white": {
          "pixels": 67175,
          "ratio": 0.9741860633746646
        }
      }
    }
  ],
  "matched_keys": [
    "X"
  ]
}