{
  "micro_image_name": "micro_0016_S1.jpg",
  "text": "S1",
  "global_poly": [
    [
      1997,
      790
    ],
    [
      2049,
      790
    ],
    [
      2049,
      840
    ],
    [
      1997,
      840
    ]
  ],
  "micro_poly": [
    [
      300,
      40
    ],
    [
      352,
      40
    ],
    [
      352,
      90
    ],
    [
      300,
      90
    ]
  ],
  "source_split_image": "split_2_1400_0.jpg",
  "split_poly": [
    [
      597,
      790
    ],
    [
      649,
      790
    ],
    [
      649,
      840
    ],
    [
      597,
      840
    ]
  ],
  "color_presence": {
    "blue": false,
    "green": true,
    "yellow": true,
    "red": true,
    "white": true
  },
  "color_stats": {
    "blue": {
      "pixels": 5,
      "ratio": 9.733496856080515e-05
    },
    "green": {
      "pixels": 1013,
      "ratio": 0.019720064630419126
    },
    "yellow": {
      "pixels": 902,
      "ratio": 0.01755922832836925
    },
    "red": {
      "pixels": 1022,
      "ratio": 0.019895267573828573
    },
    "white": {
      "pixels": 48412,
      "ratio": 0.9424360995931398
    }
  },
  "color_valid_pixels": 51369
}