{
  "micro_image_name": "micro_0005_x_3c0_0.jpg",
  "text": "xπ0",
  "global_poly": [
    [
      3491,
      842
    ],
    [
      3634,
      842
    ],
    [
      3634,
      939
    ],
    [
      3491,
      939
    ]
  ],
  "micro_poly": [
    [
      300,
      40
    ],
    [
      443,
      40
    ],
    [
      443,
      137
    ],
    [
      300,
      137
    ]
  ],
  "source_split_image": "split_12_2800_700.jpg",
  "split_poly": [
    [
      691,
      142
    ],
    [
      834,
      142
    ],
    [
      834,
      239
    ],
    [
      691,
      239
    ]
  ],
  "color_presence": {
    "blue": false,
    "green": true,
    "yellow": false,
    "red": true,
    "white": true
  },
  "color_stats": {
    "blue": {
      "pixels": 4,
      "ratio": 3.4338890510447604e-05
    },
    "green": {
      "pixels": 1556,
      "ratio": 0.013357828408564119
    },
    "yellow": {
      "pixels": 1,
      "ratio": 8.584722627611901e-06
    },
    "red": {
      "pixels": 896,
      "ratio": 0.007691911474340264
    },
    "white": {
      "pixels": 114021,
      "ratio": 0.9788386587229366
    }
  },
  "color_valid_pixels": 116486
}