{
  "micro_image_name": "micro_0012_S.jpg",
  "text": "S",
  "global_poly": [
    [
      4433,
      970
    ],
    [
      4456,
      970
    ],
    [
      4456,
      1005
    ],
    [
      4433,
      1005
    ]
  ],
  "micro_poly": [
    [
      300,
      40
    ],
    [
      323,
      40
    ],
    [
      323,
      75
    ],
    [
      300,
      75
    ]
  ],
  "source_split_image": "split_14_4200_700.jpg",
  "split_poly": [
    [
      233,
      270
    ],
    [
      256,
      270
    ],
    [
      256,
      305
    ],
    [
      233,
      305
    ]
  ],
  "color_presence": {
    "blue": true,
    "green": true,
    "yellow": true,
    "red": true,
    "white": true
  },
  "color_stats": {
    "blue": {
      "pixels": 157,
      "ratio": 0.004217255828945955
    },
    "green": {
      "pixels": 884,
      "ratio": 0.023745567852154294
    },
    "yellow": {
      "pixels": 1412,
      "ratio": 0.037928440958418394
    },
    "red": {
      "pixels": 889,
      "ratio": 0.02387987536263028
    },
    "white": {
      "pixels": 33886,
      "ratio": 0.9102288599978511
    }
  },
  "color_valid_pixels": 37228
}