{
  "micro_image_name": "micro_0010_D2.jpg",
  "text": "D2",
  "global_poly": [
    [
      4126,
      987
    ],
    [
      4179,
      987
    ],
    [
      4179,
      1030
    ],
    [
      4126,
      1030
    ]
  ],
  "micro_poly": [
    [
      70,
      40
    ],
    [
      123,
      40
    ],
    [
      123,
      83
    ],
    [
      70,
      83
    ]
  ],
  "source_split_image": "split_13_3500_700.jpg",
  "split_poly": [
    [
      626,
      287
    ],
    [
      679,
      287
    ],
    [
      679,
      330
    ],
    [
      626,
      330
    ]
  ],
  "color_presence": {
    "blue": true,
    "green": true,
    "yellow": true,
    "red": true,
    "white": true
  },
  "color_stats": {
    "blue": {
      "pixels": 291,
      "ratio": 0.006319904441307416
    },
    "green": {
      "pixels": 885,
      "ratio": 0.019220327940058637
    },
    "yellow": {
      "pixels": 1414,
      "ratio": 0.030709088934737755
    },
    "red": {
      "pixels": 889,
      "ratio": 0.019307199478770767
    },
    "white": {
      "pixels": 42567,
      "ratio": 0.9244651970898035
    }
  },
  "color_valid_pixels": 46045
}