{
  "micro_image_name": "micro_0014_D1.jpg",
  "text": "D1",
  "global_poly": [
    [
      1176,
      843
    ],
    [
      1223,
      843
    ],
    [
      1223,
      883
    ],
    [
      1176,
      883
    ]
  ],
  "micro_poly": [
    [
      300,
      40
    ],
    [
      347,
      40
    ],
    [
      347,
      80
    ],
    [
      300,
      80
    ]
  ],
  "source_split_image": "split_1_700_0.jpg",
  "split_poly": [
    [
      476,
      843
    ],
    [
      523,
      843
    ],
    [
      523,
      883
    ],
    [
      476,
      883
    ]
  ],
  "color_presence": {
    "blue": true,
    "green": true,
    "yellow": true,
    "red": true,
    "white": true
  },
  "color_stats": {
    "blue": {
      "pixels": 291,
      "ratio": 0.006174149197997115
    },
    "green": {
      "pixels": 884,
      "ratio": 0.018755834677077143
    },
    "yellow": {
      "pixels": 691,
      "ratio": 0.01466095221929899
    },
    "red": {
      "pixels": 880,
      "ratio": 0.018670966646864125
    },
    "white": {
      "pixels": 44381,
      "ratio": 0.9416320122209964
    }
  },
  "color_valid_pixels": 47132
}