{
  "micro_image_name": "micro_0004_S3.jpg",
  "text": "S3",
  "global_poly": [
    [
      1994,
      1135
    ],
    [
      2053,
      1135
    ],
    [
      2053,
      1186
    ],
    [
      1994,
      1186
    ]
  ],
  "micro_poly": [
    [
      300,
      40
    ],
    [
      359,
      40
    ],
    [
      359,
      91
    ],
    [
      300,
      91
    ]
  ],
  "source_split_image": "split_10_1400_700.jpg",
  "split_poly": [
    [
      594,
      435
    ],
    [
      653,
      435
    ],
    [
      653,
      486
    ],
    [
      594,
      486
    ]
  ],
  "color_presence": {
    "blue": false,
    "green": true,
    "yellow": true,
    "red": true,
    "white": true
  },
  "color_stats": {
    "blue": {
      "pixels": 9,
      "ratio": 0.00016765708537471358
    },
    "green": {
      "pixels": 1046,
      "ratio": 0.019485479033550045
    },
    "yellow": {
      "pixels": 926,
      "ratio": 0.017250051228553866
    },
    "red": {
      "pixels": 1015,
      "ratio": 0.018907993517259365
    },
    "white": {
      "pixels": 50673,
      "ratio": 0.9439652763547624
    }
  },
  "color_valid_pixels": 53681
}