{
  "micro_image_name": "micro_0015_QD2.jpg",
  "text": "QD2",
  "global_poly": [
    [
      5104,
      1215
    ],
    [
      5223,
      1221
    ],
    [
      5220,
      1291
    ],
    [
      5101,
      1285
    ]
  ],
  "micro_poly": [
    [
      3,
      40
    ],
    [
      122,
      46
    ],
    [
      119,
      116
    ],
    [
      0,
      110
    ]
  ],
  "source_split_image": "split_18_4900_700.jpg",
  "split_poly": [
    [
      204,
      515
    ],
    [
      323,
      521
    ],
    [
      320,
      591
    ],
    [
      201,
      585
    ]
  ],
  "color_presence": {
    "blue": true,
    "green": true,
    "yellow": false,
    "red": true,
    "white": true
  },
  "color_stats": {
    "blue": {
      "pixels": 387,
      "ratio": 0.006665403627219648
    },
    "green": {
      "pixels": 1513,
      "ratio": 0.0260588002273471
    },
    "yellow": {
      "pixels": 3,
      "ratio": 5.1669795559842236e-05
    },
    "red": {
      "pixels": 1552,
      "ratio": 0.02673050756962505
    },
    "white": {
      "pixels": 54597,
      "ratio": 0.9403386093935688
    }
  },
  "color_valid_pixels": 58061,
  "re_ocr_text": "QD2",
  "re_ocr_confidence": 1.0,
  "re_ocr_details": [
    {
      "text": "QD2",
      "confidence": 1.0,
      "color_info": null,
      "matched_key": "D2",
      "color_presence": {
        "blue": true,
        "green": true,
        "yellow": false,
        "red": true,
        "white": true
      },
      "color_stats": {
        "blue": {
          "pixels": 387,
          "ratio": 0.006665403627219648
        },
        "green": {
          "pixels": 1513,
          "ratio": 0.0260588002273471
        },
        "yellow": {
          "pixels": 3,
          "ratio": 5.1669795559842236e-05
        },
        "red": {
          "pixels": 1552,
          "ratio": 0.02673050756962505
        },
        "white": {
          "pixels": 54597,
          "ratio": 0.9403386093935688
        }
      }
    }
  ],
  "matched_keys": [
    "D2"
  ]
}