{
  "micro_image_name": "micro_0001_X.jpg",
  "text": "X",
  "global_poly": [
    [
      1130,
      1084
    ],
    [
      1175,
      1084
    ],
    [
      1175,
      1118
    ],
    [
      1130,
      1118
    ]
  ],
  "micro_poly": [
    [
      23,
      32
    ],
    [
      67,
      32
    ],
    [
      67,
      74
    ],
    [
      23,
      74
    ]
  ],
  "source_split_image": "split_12_700_700.jpg",
  "split_poly": [
    [
      430,
      384
    ],
    [
      475,
      384
    ],
    [
      475,
      418
    ],
    [
      430,
      418
    ]
  ],
  "color_presence": {
    "blue": false,
    "green": true,
    "yellow": true,
    "red": true,
    "white": true
  },
  "color_stats": {
    "blue": {
      "pixels": 15,
      "ratio": 0.0003659875564230816
    },
    "green": {
      "pixels": 1528,
      "ratio": 0.03728193241429791
    },
    "yellow": {
      "pixels": 2450,
      "ratio": 0.059777967549103334
    },
    "red": {
      "pixels": 1280,
      "ratio": 0.031230938148102964
    },
    "white": {
      "pixels": 35707,
      "ratio": 0.8712211784799316
    }
  },
  "color_valid_pixels": 40985,
  "re_ocr_text": "",
  "re_ocr_confidence": 0.0,
  "re_ocr_details": [],
  "matched_keys": []
}