{
  "micro_image_name": "micro_0020_D22.jpg",
  "text": "D22",
  "global_poly": [
    [
      10759,
      1493
    ],
    [
      10864,
      1497
    ],
    [
      10861,
      1561
    ],
    [
      10756,
      1556
    ]
  ],
  "micro_poly": [
    [
      303,
      40
    ],
    [
      408,
      44
    ],
    [
      405,
      108
    ],
    [
      300,
      103
    ]
  ],
  "source_split_image": "split_37_10500_700.jpg",
  "split_poly": [
    [
      259,
      793
    ],
    [
      364,
      797
    ],
    [
      361,
      861
    ],
    [
      256,
      856
    ]
  ],
  "color_presence": {
    "blue": true,
    "green": false,
    "yellow": false,
    "red": false,
    "white": true
  },
  "color_stats": {
    "blue": {
      "pixels": 369,
      "ratio": 0.007387091607943626
    },
    "green": {
      "pixels": 4,
      "ratio": 8.007687379884689e-05
    },
    "yellow": {
      "pixels": 1,
      "ratio": 2.0019218449711722e-05
    },
    "red": {
      "pixels": 0,
      "ratio": 0.0
    },
    "white": {
      "pixels": 49577,
      "ratio": 0.9924927930813581
    }
  },
  "color_valid_pixels": 49952,
  "re_ocr_text": "D22",
  "re_ocr_confidence": 1.0,
  "re_ocr_details": [
    {
      "text": "D22",
      "confidence": 1.0,
      "color_info": null,
      "matched_key": "D22",
      "color_presence": {
        "blue": true,
        "green": false,
        "yellow": false,
        "red": false,
        "white": true
      },
      "color_stats": {
        "blue": {
          "pixels": 369,
          "ratio": 0.007387091607943626
        },
        "green": {
          "pixels": 4,
          "ratio": 8.007687379884689e-05
        },
        "yellow": {
          "pixels": 1,
          "ratio": 2.0019218449711722e-05
        },
        "red": {
          "pixels": 0,
          "ratio": 0.0
        },
        "white": {
          "pixels": 49577,
          "ratio": 0.9924927930813581
        }
      }
    }
  ],
  "matched_keys": [
    "D22"
  ]
}