{
  "micro_image_name": "micro_0025_D2.jpg",
  "text": "D2",
  "global_poly": [
    [
      12735,
      1496
    ],
    [
      12806,
      1496
    ],
    [
      12806,
      1558
    ],
    [
      12735,
      1558
    ]
  ],
  "micro_poly": [
    [
      300,
      40
    ],
    [
      371,
      40
    ],
    [
      371,
      102
    ],
    [
      300,
      102
    ]
  ],
  "source_split_image": "split_39_11900_700.jpg",
  "split_poly": [
    [
      835,
      796
    ],
    [
      906,
      796
    ],
    [
      906,
      858
    ],
    [
      835,
      858
    ]
  ],
  "color_presence": {
    "blue": true,
    "green": false,
    "yellow": false,
    "red": false,
    "white": true
  },
  "color_stats": {
    "blue": {
      "pixels": 365,
      "ratio": 0.0043279777079504355
    },
    "green": {
      "pixels": 4,
      "ratio": 4.742989268986779e-05
    },
    "yellow": {
      "pixels": 4,
      "ratio": 4.742989268986779e-05
    },
    "red": {
      "pixels": 0,
      "ratio": 0.0
    },
    "white": {
      "pixels": 83964,
      "ratio": 0.9956008774530147
    }
  },
  "color_valid_pixels": 84335,
  "re_ocr_text": "D2",
  "re_ocr_confidence": 1.0,
  "re_ocr_details": [
    {
      "text": "D2",
      "confidence": 1.0,
      "color_info": null,
      "matched_key": "D2",
      "color_presence": {
        "blue": true,
        "green": false,
        "yellow": false,
        "red": false,
        "white": true
      },
      "color_stats": {
        "blue": {
          "pixels": 365,
          "ratio": 0.0043279777079504355
        },
        "green": {
          "pixels": 4,
          "ratio": 4.742989268986779e-05
        },
        "yellow": {
          "pixels": 4,
          "ratio": 4.742989268986779e-05
        },
        "red": {
          "pixels": 0,
          "ratio": 0.0
        },
        "white": {
          "pixels": 83964,
          "ratio": 0.9956008774530147
        }
      }
    }
  ],
  "matched_keys": [
    "D2"
  ]
}