{
  "micro_image_name": "micro_0048_HSII.jpg",
  "text": "SII",
  "global_poly": [
    [
      6124,
      1726
    ],
    [
      6241,
      1726
    ],
    [
      6241,
      1796
    ],
    [
      6124,
      1796
    ]
  ],
  "micro_poly": [
    [
      327,
      49
    ],
    [
      417,
      49
    ],
    [
      417,
      104
    ],
    [
      327,
      104
    ]
  ],
  "source_split_image": "split_52_5600_1400.jpg",
  "split_poly": [
    [
      524,
      326
    ],
    [
      641,
      326
    ],
    [
      641,
      396
    ],
    [
      524,
      396
    ]
  ],
  "color_presence": {
    "blue": false,
    "green": true,
    "yellow": true,
    "red": true,
    "white": true
  },
  "color_stats": {
    "blue": {
      "pixels": 9,
      "ratio": 0.0001697568704377841
    },
    "green": {
      "pixels": 1524,
      "ratio": 0.028745496727464775
    },
    "yellow": {
      "pixels": 1233,
      "ratio": 0.02325669124997642
    },
    "red": {
      "pixels": 1558,
      "ratio": 0.029386800460229737
    },
    "white": {
      "pixels": 48689,
      "ratio": 0.9183658071939189
    }
  },
  "color_valid_pixels": 53017,
  "re_ocr_text": "",
  "re_ocr_confidence": 0.0,
  "re_ocr_details": [
    {
      "text": "SII",
      "confidence": 0.8965252041816711,
      "color_info": null,
      "matched_key": "SⅡ",
      "template_match_res": 3,
      "template_match_score": false,
      "black_pixel_count": 0,
      "black_radio": 0,
      "template_name": "color_detection",
      "color_centers_separate": {
        "red": [
          [
            97,
            68
          ]
        ],
        "yellow": [
          [
            133,
            58
          ],
          [
            143,
            68
          ],
          [
            155,
            78
          ]
        ],
        "green": [
          [
            50,
            68
          ]
        ]
      },
      "color_presence": {
        "blue": false,
        "green": true,
        "yellow": true,
        "red": true,
        "white": true
      },
      "color_stats": {
        "blue": {
          "pixels": 9,
          "ratio": 0.0001697568704377841
        },
        "green": {
          "pixels": 1524,
          "ratio": 0.028745496727464775
        },
        "yellow": {
          "pixels": 1233,
          "ratio": 0.02325669124997642
        },
        "red": {
          "pixels": 1558,
          "ratio": 0.029386800460229737
        },
        "white": {
          "pixels": 48689,
          "ratio": 0.9183658071939189
        }
      }
    }
  ],
  "matched_keys": []
}