{
  "micro_image_name": "micro_0062_D18.jpg",
  "text": "D18",
  "global_poly": [
    [
      10947,
      1824
    ],
    [
      11057,
      1824
    ],
    [
      11057,
      1882
    ],
    [
      10947,
      1882
    ]
  ],
  "micro_poly": [
    [
      0,
      40
    ],
    [
      110,
      40
    ],
    [
      110,
      98
    ],
    [
      0,
      98
    ]
  ],
  "source_split_image": "split_59_10500_1400.jpg",
  "split_poly": [
    [
      447,
      424
    ],
    [
      557,
      424
    ],
    [
      557,
      482
    ],
    [
      447,
      482
    ]
  ],
  "color_presence": {
    "blue": true,
    "green": false,
    "yellow": false,
    "red": false,
    "white": true
  },
  "color_stats": {
    "blue": {
      "pixels": 365,
      "ratio": 0.007158547109123716
    },
    "green": {
      "pixels": 8,
      "ratio": 0.00015689966266572527
    },
    "yellow": {
      "pixels": 3,
      "ratio": 5.8837373499646975e-05
    },
    "red": {
      "pixels": 0,
      "ratio": 0.0
    },
    "white": {
      "pixels": 50614,
      "ratio": 0.9926649407703774
    }
  },
  "color_valid_pixels": 50988,
  "re_ocr_text": "D18",
  "re_ocr_confidence": 1.0,
  "re_ocr_details": [
    {
      "text": "D18",
      "confidence": 1.0,
      "color_info": null,
      "matched_key": "D18",
      "color_presence": {
        "blue": true,
        "green": false,
        "yellow": false,
        "red": false,
        "white": true
      },
      "color_stats": {
        "blue": {
          "pixels": 365,
          "ratio": 0.007158547109123716
        },
        "green": {
          "pixels": 8,
          "ratio": 0.00015689966266572527
        },
        "yellow": {
          "pixels": 3,
          "ratio": 5.8837373499646975e-05
        },
        "red": {
          "pixels": 0,
          "ratio": 0.0
        },
        "white": {
          "pixels": 50614,
          "ratio": 0.9926649407703774
        }
      }
    }
  ],
  "matched_keys": [
    "D18"
  ]
}