{
  "micro_image_name": "micro_0021_D18.jpg",
  "text": "D18",
  "global_poly": [
    [
      4132,
      733
    ],
    [
      4185,
      733
    ],
    [
      4185,
      764
    ],
    [
      4132,
      764
    ]
  ],
  "micro_poly": [
    [
      300,
      40
    ],
    [
      353,
      40
    ],
    [
      353,
      71
    ],
    [
      300,
      71
    ]
  ],
  "source_split_image": "split_13_3500_700.jpg",
  "split_poly": [
    [
      632,
      33
    ],
    [
      685,
      33
    ],
    [
      685,
      64
    ],
    [
      632,
      64
    ]
  ],
  "color_presence": {
    "blue": true,
    "green": true,
    "yellow": true,
    "red": true,
    "white": true
  },
  "color_stats": {
    "blue": {
      "pixels": 130,
      "ratio": 0.003037951018882034
    },
    "green": {
      "pixels": 504,
      "ratio": 0.011777902411665733
    },
    "yellow": {
      "pixels": 799,
      "ratio": 0.01867171433912881
    },
    "red": {
      "pixels": 488,
      "ratio": 0.011404000747803327
    },
    "white": {
      "pixels": 40866,
      "ratio": 0.954991587212563
    }
  },
  "color_valid_pixels": 42792,
  "re_ocr_text": "D18",
  "re_ocr_confidence": 1.0,
  "re_ocr_details": [
    {
      "text": "D18",
      "confidence": 1.0,
      "color_info": null,
      "matched_key": "D18",
      "color_presence": {
        "blue": true,
        "green": true,
        "yellow": true,
        "red": true,
        "white": true
      },
      "color_stats": {
        "blue": {
          "pixels": 130,
          "ratio": 0.003037951018882034
        },
        "green": {
          "pixels": 504,
          "ratio": 0.011777902411665733
        },
        "yellow": {
          "pixels": 799,
          "ratio": 0.01867171433912881
        },
        "red": {
          "pixels": 488,
          "ratio": 0.011404000747803327
        },
        "white": {
          "pixels": 40866,
          "ratio": 0.954991587212563
        }
      }
    }
  ],
  "matched_keys": [
    "D18"
  ]
}