{
  "micro_image_name": "micro_0000_X_O.jpg",
  "text": "X—O",
  "global_poly": [
    [
      591,
      504
    ],
    [
      677,
      504
    ],
    [
      677,
      541
    ],
    [
      591,
      541
    ]
  ],
  "micro_poly": [
    [
      70,
      40
    ],
    [
      156,
      40
    ],
    [
      156,
      77
    ],
    [
      70,
      77
    ]
  ],
  "source_split_image": "split_0_0_0.jpg",
  "split_poly": [
    [
      591,
      504
    ],
    [
      677,
      504
    ],
    [
      677,
      541
    ],
    [
      591,
      541
    ]
  ],
  "color_presence": {
    "blue": true,
    "green": true,
    "yellow": true,
    "red": true,
    "white": true
  },
  "color_stats": {
    "blue": {
      "pixels": 138,
      "ratio": 0.0028768579707727907
    },
    "green": {
      "pixels": 531,
      "ratio": 0.011069649148408347
    },
    "yellow": {
      "pixels": 822,
      "ratio": 0.017136067043298796
    },
    "red": {
      "pixels": 475,
      "ratio": 0.009902228522587505
    },
    "white": {
      "pixels": 45982,
      "ratio": 0.9585774145802497
    }
  },
  "color_valid_pixels": 47969,
  "re_ocr_text": "X",
  "re_ocr_confidence": 0.7695185542106628,
  "re_ocr_details": [
    {
      "text": "X",
      "confidence": 0.7695185542106628,
      "color_info": null,
      "matched_key": "X",
      "template_match_res": 0,
      "template_match_score": false,
      "black_pixel_count": 0,
      "black_radio": 0,
      "template_name": "color_detection",
      "color_centers_separate": {
        "red": [
          [
            197,
            63
          ]
        ],
        "yellow": [
          [
            244,
            62
          ],
          [
            168,
            59
          ],
          [
            173,
            63
          ],
          [
            237,
            62
          ],
          [
            176,
            68
          ],
          [
            249,
            67
          ],
          [
            250,
            72
          ]
        ],
        "green": [
          [
            221,
            63
          ]
        ]
      },
      "color_presence": {
        "blue": true,
        "green": true,
        "yellow": true,
        "red": true,
        "white": true
      },
      "color_stats": {
        "blue": {
          "pixels": 138,
          "ratio": 0.0028768579707727907
        },
        "green": {
          "pixels": 531,
          "ratio": 0.011069649148408347
        },
        "yellow": {
          "pixels": 822,
          "ratio": 0.017136067043298796
        },
        "red": {
          "pixels": 475,
          "ratio": 0.009902228522587505
        },
        "white": {
          "pixels": 45982,
          "ratio": 0.9585774145802497
        }
      }
    }
  ],
  "matched_keys": [
    "X"
  ]
}