{
  "micro_image_name": "micro_0063_0D20.jpg",
  "text": "0D20",
  "global_poly": [
    [
      10961,
      1938
    ],
    [
      11170,
      1968
    ],
    [
      11159,
      2042
    ],
    [
      10950,
      2012
    ]
  ],
  "micro_poly": [
    [
      308,
      40
    ],
    [
      517,
      70
    ],
    [
      506,
      144
    ],
    [
      297,
      114
    ]
  ],
  "source_split_image": "split_59_10500_1400.jpg",
  "split_poly": [
    [
      461,
      538
    ],
    [
      670,
      568
    ],
    [
      659,
      642
    ],
    [
      450,
      612
    ]
  ],
  "color_presence": {
    "blue": true,
    "green": false,
    "yellow": false,
    "red": false,
    "white": true
  },
  "color_stats": {
    "blue": {
      "pixels": 379,
      "ratio": 0.004449819189404969
    },
    "green": {
      "pixels": 1,
      "ratio": 1.1740947729300709e-05
    },
    "yellow": {
      "pixels": 2,
      "ratio": 2.3481895458601418e-05
    },
    "red": {
      "pixels": 0,
      "ratio": 0.0
    },
    "white": {
      "pixels": 84790,
      "ratio": 0.9955149579674071
    }
  },
  "color_valid_pixels": 85172,
  "re_ocr_text": "0D20",
  "re_ocr_confidence": 1.0,
  "re_ocr_details": [
    {
      "text": "0D20",
      "confidence": 1.0,
      "color_info": null,
      "matched_key": "D20",
      "color_presence": {
        "blue": true,
        "green": false,
        "yellow": false,
        "red": false,
        "white": true
      },
      "color_stats": {
        "blue": {
          "pixels": 379,
          "ratio": 0.004449819189404969
        },
        "green": {
          "pixels": 1,
          "ratio": 1.1740947729300709e-05
        },
        "yellow": {
          "pixels": 2,
          "ratio": 2.3481895458601418e-05
        },
        "red": {
          "pixels": 0,
          "ratio": 0.0
        },
        "white": {
          "pixels": 84790,
          "ratio": 0.9955149579674071
        }
      }
    }
  ],
  "matched_keys": [
    "D20"
  ]
}