{
  "micro_image_name": "micro_0059_D22.jpg",
  "text": "D22",
  "global_poly": [
    [
      10758,
      1492
    ],
    [
      10864,
      1496
    ],
    [
      10861,
      1559
    ],
    [
      10755,
      1555
    ]
  ],
  "micro_poly": [
    [
      303,
      40
    ],
    [
      409,
      44
    ],
    [
      406,
      107
    ],
    [
      300,
      103
    ]
  ],
  "source_split_image": "split_59_10500_1400.jpg",
  "split_poly": [
    [
      258,
      92
    ],
    [
      364,
      96
    ],
    [
      361,
      159
    ],
    [
      255,
      155
    ]
  ],
  "color_presence": {
    "blue": true,
    "green": false,
    "yellow": false,
    "red": false,
    "white": true
  },
  "color_stats": {
    "blue": {
      "pixels": 369,
      "ratio": 0.007424846070264397
    },
    "green": {
      "pixels": 4,
      "ratio": 8.04861362630287e-05
    },
    "yellow": {
      "pixels": 1,
      "ratio": 2.0121534065757174e-05
    },
    "red": {
      "pixels": 0,
      "ratio": 0.0
    },
    "white": {
      "pixels": 49323,
      "ratio": 0.9924544247253411
    }
  },
  "color_valid_pixels": 49698,
  "re_ocr_text": "D22",
  "re_ocr_confidence": 1.0,
  "re_ocr_details": [
    {
      "text": "D22",
      "confidence": 1.0,
      "color_info": null,
      "matched_key": "D22",
      "color_presence": {
        "blue": true,
        "green": false,
        "yellow": false,
        "red": false,
        "white": true
      },
      "color_stats": {
        "blue": {
          "pixels": 369,
          "ratio": 0.007424846070264397
        },
        "green": {
          "pixels": 4,
          "ratio": 8.04861362630287e-05
        },
        "yellow": {
          "pixels": 1,
          "ratio": 2.0121534065757174e-05
        },
        "red": {
          "pixels": 0,
          "ratio": 0.0
        },
        "white": {
          "pixels": 49323,
          "ratio": 0.9924544247253411
        }
      }
    }
  ],
  "matched_keys": [
    "D22"
  ]
}