{
  "micro_image_name": "micro_0058_D26.jpg",
  "text": "D26",
  "global_poly": [
    [
      10102,
      1527
    ],
    [
      10209,
      1527
    ],
    [
      10209,
      1590
    ],
    [
      10102,
      1590
    ]
  ],
  "micro_poly": [
    [
      300,
      40
    ],
    [
      407,
      40
    ],
    [
      407,
      103
    ],
    [
      300,
      103
    ]
  ],
  "source_split_image": "split_58_9800_1400.jpg",
  "split_poly": [
    [
      302,
      127
    ],
    [
      409,
      127
    ],
    [
      409,
      190
    ],
    [
      302,
      190
    ]
  ],
  "color_presence": {
    "blue": true,
    "green": true,
    "yellow": false,
    "red": false,
    "white": true
  },
  "color_stats": {
    "blue": {
      "pixels": 372,
      "ratio": 0.0038612843960515253
    },
    "green": {
      "pixels": 1523,
      "ratio": 0.01580843047093138
    },
    "yellow": {
      "pixels": 3,
      "ratio": 3.1139390290738104e-05
    },
    "red": {
      "pixels": 0,
      "ratio": 0.0
    },
    "white": {
      "pixels": 94439,
      "ratio": 0.9802576265556721
    }
  },
  "color_valid_pixels": 96341,
  "re_ocr_text": "D26",
  "re_ocr_confidence": 1.0,
  "re_ocr_details": [
    {
      "text": "D26",
      "confidence": 1.0,
      "color_info": null,
      "matched_key": "D26",
      "color_presence": {
        "blue": true,
        "green": true,
        "yellow": false,
        "red": false,
        "white": true
      },
      "color_stats": {
        "blue": {
          "pixels": 372,
          "ratio": 0.0038612843960515253
        },
        "green": {
          "pixels": 1523,
          "ratio": 0.01580843047093138
        },
        "yellow": {
          "pixels": 3,
          "ratio": 3.1139390290738104e-05
        },
        "red": {
          "pixels": 0,
          "ratio": 0.0
        },
        "white": {
          "pixels": 94439,
          "ratio": 0.9802576265556721
        }
      }
    }
  ],
  "matched_keys": [
    "D26"
  ]
}