{
  "micro_image_name": "micro_0074_D1H.jpg",
  "text": "D1H",
  "global_poly": [
    [
      1337,
      2319
    ],
    [
      1454,
      2319
    ],
    [
      1454,
      2367
    ],
    [
      1337,
      2367
    ]
  ],
  "micro_poly": [
    [
      0,
      40
    ],
    [
      117,
      40
    ],
    [
      117,
      88
    ],
    [
      0,
      88
    ]
  ],
  "source_split_image": "split_67_700_2100.jpg",
  "split_poly": [
    [
      637,
      219
    ],
    [
      754,
      219
    ],
    [
      754,
      267
    ],
    [
      637,
      267
    ]
  ],
  "color_presence": {
    "blue": false,
    "green": false,
    "yellow": false,
    "red": true,
    "white": true
  },
  "color_stats": {
    "blue": {
      "pixels": 7,
      "ratio": 0.00014744291852725587
    },
    "green": {
      "pixels": 9,
      "ratio": 0.00018956946667790043
    },
    "yellow": {
      "pixels": 0,
      "ratio": 0.0
    },
    "red": {
      "pixels": 1555,
      "ratio": 0.03275339118712613
    },
    "white": {
      "pixels": 45900,
      "ratio": 0.9668042800572921
    }
  },
  "color_valid_pixels": 47476,
  "re_ocr_text": "D1H",
  "re_ocr_confidence": 1.0,
  "re_ocr_details": [
    {
      "text": "D1H",
      "confidence": 1.0,
      "color_info": null,
      "matched_key": "D1",
      "color_presence": {
        "blue": false,
        "green": false,
        "yellow": false,
        "red": true,
        "white": true
      },
      "color_stats": {
        "blue": {
          "pixels": 7,
          "ratio": 0.00014744291852725587
        },
        "green": {
          "pixels": 9,
          "ratio": 0.00018956946667790043
        },
        "yellow": {
          "pixels": 0,
          "ratio": 0.0
        },
        "red": {
          "pixels": 1555,
          "ratio": 0.03275339118712613
        },
        "white": {
          "pixels": 45900,
          "ratio": 0.9668042800572921
        }
      }
    }
  ],
  "matched_keys": [
    "D1"
  ]
}