{
  "micro_image_name": "micro_0027_D2.jpg",
  "text": "D2",
  "global_poly": [
    [
      12733,
      1497
    ],
    [
      12806,
      1497
    ],
    [
      12806,
      1558
    ],
    [
      12733,
      1558
    ]
  ],
  "micro_poly": [
    [
      300,
      40
    ],
    [
      373,
      40
    ],
    [
      373,
      101
    ],
    [
      300,
      101
    ]
  ],
  "source_split_image": "split_40_12600_700.jpg",
  "split_poly": [
    [
      133,
      797
    ],
    [
      206,
      797
    ],
    [
      206,
      858
    ],
    [
      133,
      858
    ]
  ],
  "color_presence": {
    "blue": true,
    "green": false,
    "yellow": false,
    "red": false,
    "white": true
  },
  "color_stats": {
    "blue": {
      "pixels": 365,
      "ratio": 0.0043154410026010875
    },
    "green": {
      "pixels": 4,
      "ratio": 4.729250413809411e-05
    },
    "yellow": {
      "pixels": 4,
      "ratio": 4.729250413809411e-05
    },
    "red": {
      "pixels": 0,
      "ratio": 0.0
    },
    "white": {
      "pixels": 84209,
      "ratio": 0.9956136202411918
    }
  },
  "color_valid_pixels": 84580,
  "re_ocr_text": "D2",
  "re_ocr_confidence": 1.0,
  "re_ocr_details": [
    {
      "text": "D2",
      "confidence": 1.0,
      "color_info": null,
      "matched_key": "D2",
      "color_presence": {
        "blue": true,
        "green": false,
        "yellow": false,
        "red": false,
        "white": true
      },
      "color_stats": {
        "blue": {
          "pixels": 365,
          "ratio": 0.0043154410026010875
        },
        "green": {
          "pixels": 4,
          "ratio": 4.729250413809411e-05
        },
        "yellow": {
          "pixels": 4,
          "ratio": 4.729250413809411e-05
        },
        "red": {
          "pixels": 0,
          "ratio": 0.0
        },
        "white": {
          "pixels": 84209,
          "ratio": 0.9956136202411918
        }
      }
    }
  ],
  "matched_keys": [
    "D2"
  ]
}