{
  "micro_image_name": "micro_0018_D24.jpg",
  "text": "D24",
  "global_poly": [
    [
      10099,
      1346
    ],
    [
      10210,
      1351
    ],
    [
      10208,
      1416
    ],
    [
      10097,
      1412
    ]
  ],
  "micro_poly": [
    [
      300,
      40
    ],
    [
      411,
      45
    ],
    [
      409,
      110
    ],
    [
      298,
      106
    ]
  ],
  "source_split_image": "split_36_9800_700.jpg",
  "split_poly": [
    [
      299,
      646
    ],
    [
      410,
      651
    ],
    [
      408,
      716
    ],
    [
      297,
      712
    ]
  ],
  "color_presence": {
    "blue": true,
    "green": false,
    "yellow": false,
    "red": false,
    "white": true
  },
  "color_stats": {
    "blue": {
      "pixels": 361,
      "ratio": 0.0036448079155939218
    },
    "green": {
      "pixels": 0,
      "ratio": 0.0
    },
    "yellow": {
      "pixels": 1,
      "ratio": 1.0096420818819728e-05
    },
    "red": {
      "pixels": 1,
      "ratio": 1.0096420818819728e-05
    },
    "white": {
      "pixels": 98682,
      "ratio": 0.9963349992427685
    }
  },
  "color_valid_pixels": 99045,
  "re_ocr_text": "D24",
  "re_ocr_confidence": 1.0,
  "re_ocr_details": [
    {
      "text": "D24",
      "confidence": 1.0,
      "color_info": null,
      "matched_key": "D24",
      "color_presence": {
        "blue": true,
        "green": false,
        "yellow": false,
        "red": false,
        "white": true
      },
      "color_stats": {
        "blue": {
          "pixels": 361,
          "ratio": 0.0036448079155939218
        },
        "green": {
          "pixels": 0,
          "ratio": 0.0
        },
        "yellow": {
          "pixels": 1,
          "ratio": 1.0096420818819728e-05
        },
        "red": {
          "pixels": 1,
          "ratio": 1.0096420818819728e-05
        },
        "white": {
          "pixels": 98682,
          "ratio": 0.9963349992427685
        }
      }
    }
  ],
  "matched_keys": [
    "D24"
  ]
}