{
  "micro_image_name": "micro_0082_D28.jpg",
  "text": "D28",
  "global_poly": [
    [
      9008,
      2440
    ],
    [
      9118,
      2440
    ],
    [
      9118,
      2502
    ],
    [
      9008,
      2502
    ]
  ],
  "micro_poly": [
    [
      300,
      40
    ],
    [
      410,
      40
    ],
    [
      410,
      102
    ],
    [
      300,
      102
    ]
  ],
  "source_split_image": "split_78_8400_2100.jpg",
  "split_poly": [
    [
      608,
      340
    ],
    [
      718,
      340
    ],
    [
      718,
      402
    ],
    [
      608,
      402
    ]
  ],
  "color_presence": {
    "blue": true,
    "green": false,
    "yellow": false,
    "red": false,
    "white": true
  },
  "color_stats": {
    "blue": {
      "pixels": 367,
      "ratio": 0.007183261239748683
    },
    "green": {
      "pixels": 3,
      "ratio": 5.8718756728190875e-05
    },
    "yellow": {
      "pixels": 2,
      "ratio": 3.9145837818793914e-05
    },
    "red": {
      "pixels": 0,
      "ratio": 0.0
    },
    "white": {
      "pixels": 50720,
      "ratio": 0.9927384470846137
    }
  },
  "color_valid_pixels": 51091,
  "re_ocr_text": "D28",
  "re_ocr_confidence": 1.0,
  "re_ocr_details": [
    {
      "text": "D28",
      "confidence": 1.0,
      "color_info": null,
      "matched_key": "D28",
      "color_presence": {
        "blue": true,
        "green": false,
        "yellow": false,
        "red": false,
        "white": true
      },
      "color_stats": {
        "blue": {
          "pixels": 367,
          "ratio": 0.007183261239748683
        },
        "green": {
          "pixels": 3,
          "ratio": 5.8718756728190875e-05
        },
        "yellow": {
          "pixels": 2,
          "ratio": 3.9145837818793914e-05
        },
        "red": {
          "pixels": 0,
          "ratio": 0.0
        },
        "white": {
          "pixels": 50720,
          "ratio": 0.9927384470846137
        }
      }
    }
  ],
  "matched_keys": [
    "D28"
  ]
}