{
  "micro_image_name": "micro_0080_D30.jpg",
  "text": "D30",
  "global_poly": [
    [
      8329,
      2291
    ],
    [
      8438,
      2295
    ],
    [
      8436,
      2358
    ],
    [
      8326,
      2354
    ]
  ],
  "micro_poly": [
    [
      3,
      40
    ],
    [
      112,
      44
    ],
    [
      110,
      107
    ],
    [
      0,
      103
    ]
  ],
  "source_split_image": "split_77_7700_2100.jpg",
  "split_poly": [
    [
      629,
      191
    ],
    [
      738,
      195
    ],
    [
      736,
      258
    ],
    [
      626,
      254
    ]
  ],
  "color_presence": {
    "blue": true,
    "green": false,
    "yellow": false,
    "red": false,
    "white": true
  },
  "color_stats": {
    "blue": {
      "pixels": 363,
      "ratio": 0.006491416309012876
    },
    "green": {
      "pixels": 6,
      "ratio": 0.00010729613733905579
    },
    "yellow": {
      "pixels": 2,
      "ratio": 3.57653791130186e-05
    },
    "red": {
      "pixels": 0,
      "ratio": 0.0
    },
    "white": {
      "pixels": 55551,
      "ratio": 0.9934012875536481
    }
  },
  "color_valid_pixels": 55920,
  "re_ocr_text": "D30",
  "re_ocr_confidence": 1.0,
  "re_ocr_details": [
    {
      "text": "D30",
      "confidence": 1.0,
      "color_info": null,
      "matched_key": "D30",
      "color_presence": {
        "blue": true,
        "green": false,
        "yellow": false,
        "red": false,
        "white": true
      },
      "color_stats": {
        "blue": {
          "pixels": 363,
          "ratio": 0.006491416309012876
        },
        "green": {
          "pixels": 6,
          "ratio": 0.00010729613733905579
        },
        "yellow": {
          "pixels": 2,
          "ratio": 3.57653791130186e-05
        },
        "red": {
          "pixels": 0,
          "ratio": 0.0
        },
        "white": {
          "pixels": 55551,
          "ratio": 0.9934012875536481
        }
      }
    }
  ],
  "matched_keys": [
    "D30"
  ]
}