{
  "micro_image_name": "micro_0000_X_0_2460_Q00.jpg",
  "text": "X—0①Q00",
  "global_poly": [
    [
      2504,
      1349
    ],
    [
      2887,
      1359
    ],
    [
      2885,
      1440
    ],
    [
      2502,
      1429
    ]
  ],
  "micro_poly": [
    [
      2,
      40
    ],
    [
      385,
      50
    ],
    [
      383,
      131
    ],
    [
      0,
      120
    ]
  ],
  "source_split_image": "split_25_2100_700.jpg",
  "split_poly": [
    [
      404,
      649
    ],
    [
      787,
      659
    ],
    [
      785,
      740
    ],
    [
      402,
      729
    ]
  ],
  "color_presence": {
    "blue": false,
    "green": true,
    "yellow": true,
    "red": true,
    "white": true
  },
  "color_stats": {
    "blue": {
      "pixels": 14,
      "ratio": 0.00013267501255674225
    },
    "green": {
      "pixels": 1525,
      "ratio": 0.01445209958207371
    },
    "yellow": {
      "pixels": 2468,
      "ratio": 0.02338870935643142
    },
    "red": {
      "pixels": 1560,
      "ratio": 0.014783787113465566
    },
    "white": {
      "pixels": 99943,
      "ratio": 0.9471384842827494
    }
  },
  "color_valid_pixels": 105521,
  "re_ocr_text": "X",
  "re_ocr_confidence": 0.9802668690681458,
  "re_ocr_details": [
    {
      "text": "X",
      "confidence": 0.9802668690681458,
      "color_info": null,
      "matched_key": "X",
      "template_match_res": 0,
      "template_match_score": false,
      "black_pixel_count": 0,
      "black_radio": 0,
      "template_name": "color_detection",
      "color_centers_separate": {
        "red": [
          [
            256,
            89
          ]
        ],
        "yellow": [
          [
            196,
            78
          ],
          [
            340,
            78
          ],
          [
            207,
            88
          ],
          [
            351,
            88
          ],
          [
            219,
            99
          ],
          [
            361,
            99
          ],
          [
            206,
            109
          ]
        ],
        "green": [
          [
            303,
            89
          ]
        ]
      },
      "color_presence": {
        "blue": false,
        "green": true,
        "yellow": true,
        "red": true,
        "white": true
      },
      "color_stats": {
        "blue": {
          "pixels": 14,
          "ratio": 0.00013267501255674225
        },
        "green": {
          "pixels": 1525,
          "ratio": 0.01445209958207371
        },
        "yellow": {
          "pixels": 2468,
          "ratio": 0.02338870935643142
        },
        "red": {
          "pixels": 1560,
          "ratio": 0.014783787113465566
        },
        "white": {
          "pixels": 99943,
          "ratio": 0.9471384842827494
        }
      }
    }
  ],
  "matched_keys": [
    "X"
  ]
}