{
  "micro_image_name": "micro_0065_D10.jpg",
  "text": "D10",
  "global_poly": [
    [
      11855,
      1732
    ],
    [
      11961,
      1732
    ],
    [
      11961,
      1794
    ],
    [
      11855,
      1794
    ]
  ],
  "micro_poly": [
    [
      300,
      40
    ],
    [
      406,
      40
    ],
    [
      406,
      102
    ],
    [
      300,
      102
    ]
  ],
  "source_split_image": "split_60_11200_1400.jpg",
  "split_poly": [
    [
      655,
      332
    ],
    [
      761,
      332
    ],
    [
      761,
      394
    ],
    [
      655,
      394
    ]
  ],
  "color_presence": {
    "blue": true,
    "green": false,
    "yellow": false,
    "red": false,
    "white": true
  },
  "color_stats": {
    "blue": {
      "pixels": 363,
      "ratio": 0.004071195451027893
    },
    "green": {
      "pixels": 3,
      "ratio": 3.3646243396924736e-05
    },
    "yellow": {
      "pixels": 2,
      "ratio": 2.2430828931283156e-05
    },
    "red": {
      "pixels": 0,
      "ratio": 0.0
    },
    "white": {
      "pixels": 88795,
      "ratio": 0.9958727274766439
    }
  },
  "color_valid_pixels": 89163,
  "re_ocr_text": "D10",
  "re_ocr_confidence": 1.0,
  "re_ocr_details": [
    {
      "text": "D10",
      "confidence": 1.0,
      "color_info": null,
      "matched_key": "D10",
      "color_presence": {
        "blue": true,
        "green": false,
        "yellow": false,
        "red": false,
        "white": true
      },
      "color_stats": {
        "blue": {
          "pixels": 363,
          "ratio": 0.004071195451027893
        },
        "green": {
          "pixels": 3,
          "ratio": 3.3646243396924736e-05
        },
        "yellow": {
          "pixels": 2,
          "ratio": 2.2430828931283156e-05
        },
        "red": {
          "pixels": 0,
          "ratio": 0.0
        },
        "white": {
          "pixels": 88795,
          "ratio": 0.9958727274766439
        }
      }
    }
  ],
  "matched_keys": [
    "D10"
  ]
}