{
  "micro_image_name": "micro_0006_od.jpg",
  "text": "od",
  "global_poly": [
    [
      4840,
      1466
    ],
    [
      4948,
      1479
    ],
    [
      4940,
      1548
    ],
    [
      4832,
      1535
    ]
  ],
  "micro_poly": [
    [
      306,
      40
    ],
    [
      414,
      53
    ],
    [
      406,
      122
    ],
    [
      298,
      109
    ]
  ],
  "source_split_image": "split_28_4200_700.jpg",
  "split_poly": [
    [
      640,
      766
    ],
    [
      748,
      779
    ],
    [
      740,
      848
    ],
    [
      632,
      835
    ]
  ],
  "color_presence": {
    "blue": true,
    "green": false,
    "yellow": false,
    "red": false,
    "white": true
  },
  "color_stats": {
    "blue": {
      "pixels": 370,
      "ratio": 0.0063958513396715645
    },
    "green": {
      "pixels": 3,
      "ratio": 5.185825410544512e-05
    },
    "yellow": {
      "pixels": 2,
      "ratio": 3.457216940363008e-05
    },
    "red": {
      "pixels": 0,
      "ratio": 0.0
    },
    "white": {
      "pixels": 57476,
      "ratio": 0.9935350043215212
    }
  },
  "color_valid_pixels": 57850
}