{
  "micro_image_name": "micro_0090_2300_1X5.jpg",
  "text": "2300-1X5",
  "global_poly": [
    [
      13771,
      1083
    ],
    [
      14032,
      1049
    ],
    [
      14042,
      1128
    ],
    [
      13781,
      1162
    ]
  ],
  "micro_poly": [
    [
      0,
      74
    ],
    [
      261,
      40
    ],
    [
      271,
      119
    ],
    [
      10,
      153
    ]
  ],
  "source_split_image": "split_52_13300_700.jpg",
  "split_poly": [
    [
      471,
      383
    ],
    [
      732,
      349
    ],
    [
      742,
      428
    ],
    [
      481,
      462
    ]
  ],
  "color_presence": {
    "blue": false,
    "green": true,
    "yellow": true,
    "red": true,
    "white": true
  },
  "color_stats": {
    "blue": {
      "pixels": 11,
      "ratio": 0.00012347203358439315
    },
    "green": {
      "pixels": 1528,
      "ratio": 0.017151387937904793
    },
    "yellow": {
      "pixels": 1219,
      "ratio": 0.01368294626721593
    },
    "red": {
      "pixels": 2741,
      "ratio": 0.0307669858231656
    },
    "white": {
      "pixels": 83563,
      "ratio": 0.9379721402193313
    }
  },
  "color_valid_pixels": 89089,
  "re_ocr_text": "2300 1X5",
  "re_ocr_confidence": 1.0,
  "re_ocr_details": [
    {
      "text": "2300 1X5",
      "confidence": 1.0,
      "color_info": null,
      "matched_key": "X5",
      "template_match_res": true,
      "template_match_score": 0.5846846103668213,
      "template_name": "ll1_l",
      "color_presence": {
        "blue": false,
        "green": true,
        "yellow": true,
        "red": true,
        "white": true
      },
      "color_stats": {
        "blue": {
          "pixels": 11,
          "ratio": 0.00012347203358439315
        },
        "green": {
          "pixels": 1528,
          "ratio": 0.017151387937904793
        },
        "yellow": {
          "pixels": 1219,
          "ratio": 0.01368294626721593
        },
        "red": {
          "pixels": 2741,
          "ratio": 0.0307669858231656
        },
        "white": {
          "pixels": 83563,
          "ratio": 0.9379721402193313
        }
      }
    }
  ],
  "matched_keys": [
    "X5"
  ]
}