{
  "micro_image_name": "micro_0092_2300_1X.jpg",
  "text": "2300-1X",
  "global_poly": [
    [
      14096,
      1548
    ],
    [
      14297,
      1538
    ],
    [
      14300,
      1600
    ],
    [
      14100,
      1610
    ]
  ],
  "micro_poly": [
    [
      0,
      50
    ],
    [
      201,
      40
    ],
    [
      204,
      102
    ],
    [
      4,
      112
    ]
  ],
  "source_split_image": "split_52_13300_700.jpg",
  "split_poly": [
    [
      796,
      848
    ],
    [
      997,
      838
    ],
    [
      1000,
      900
    ],
    [
      800,
      910
    ]
  ],
  "color_presence": {
    "blue": false,
    "green": true,
    "yellow": true,
    "red": true,
    "white": true
  },
  "color_stats": {
    "blue": {
      "pixels": 7,
      "ratio": 0.00012152777777777777
    },
    "green": {
      "pixels": 1530,
      "ratio": 0.0265625
    },
    "yellow": {
      "pixels": 1214,
      "ratio": 0.021076388888888888
    },
    "red": {
      "pixels": 1639,
      "ratio": 0.02845486111111111
    },
    "white": {
      "pixels": 53194,
      "ratio": 0.9235069444444445
    }
  },
  "color_valid_pixels": 57600,
  "re_ocr_text": "2300-1XVII",
  "re_ocr_confidence": 0.9892110824584961,
  "re_ocr_details": [
    {
      "text": "2300-1XVII",
      "confidence": 0.9892110824584961,
      "color_info": null,
      "matched_key": "X",
      "template_match_res": true,
      "template_match_score": 0.5839226245880127,
      "template_name": "ll1_r",
      "color_presence": {
        "blue": false,
        "green": true,
        "yellow": true,
        "red": true,
        "white": true
      },
      "color_stats": {
        "blue": {
          "pixels": 7,
          "ratio": 0.00012152777777777777
        },
        "green": {
          "pixels": 1530,
          "ratio": 0.0265625
        },
        "yellow": {
          "pixels": 1214,
          "ratio": 0.021076388888888888
        },
        "red": {
          "pixels": 1639,
          "ratio": 0.02845486111111111
        },
        "white": {
          "pixels": 53194,
          "ratio": 0.9235069444444445
        }
      }
    }
  ],
  "matched_keys": [
    "X"
  ]
}