{
  "micro_image_name": "micro_0085_S3.jpg",
  "text": "S3",
  "global_poly": [
    [
      12430,
      726
    ],
    [
      12501,
      726
    ],
    [
      12501,
      788
    ],
    [
      12430,
      788
    ]
  ],
  "micro_poly": [
    [
      250,
      40
    ],
    [
      321,
      40
    ],
    [
      321,
      102
    ],
    [
      250,
      102
    ]
  ],
  "source_split_image": "split_50_11900_700.jpg",
  "split_poly": [
    [
      530,
      26
    ],
    [
      601,
      26
    ],
    [
      601,
      88
    ],
    [
      530,
      88
    ]
  ],
  "color_presence": {
    "blue": false,
    "green": true,
    "yellow": true,
    "red": true,
    "white": true
  },
  "color_stats": {
    "blue": {
      "pixels": 11,
      "ratio": 0.00022593764121102577
    },
    "green": {
      "pixels": 1536,
      "ratio": 0.03154911062728505
    },
    "yellow": {
      "pixels": 1242,
      "ratio": 0.025510413671281273
    },
    "red": {
      "pixels": 1556,
      "ratio": 0.03195990633857783
    },
    "white": {
      "pixels": 44331,
      "ratio": 0.9105492338659984
    }
  },
  "color_valid_pixels": 48686,
  "re_ocr_text": "S3",
  "re_ocr_confidence": 1.0,
  "re_ocr_details": [
    {
      "text": "S3",
      "confidence": 1.0,
      "color_info": null,
      "matched_key": "S3",
      "template_match_res": true,
      "template_match_score": 0.5676320195198059,
      "template_name": "ll1_l",
      "color_presence": {
        "blue": false,
        "green": true,
        "yellow": true,
        "red": true,
        "white": true
      },
      "color_stats": {
        "blue": {
          "pixels": 11,
          "ratio": 0.00022593764121102577
        },
        "green": {
          "pixels": 1536,
          "ratio": 0.03154911062728505
        },
        "yellow": {
          "pixels": 1242,
          "ratio": 0.025510413671281273
        },
        "red": {
          "pixels": 1556,
          "ratio": 0.03195990633857783
        },
        "white": {
          "pixels": 44331,
          "ratio": 0.9105492338659984
        }
      }
    }
  ],
  "matched_keys": [
    "S3"
  ]
}