{
  "micro_image_name": "micro_0040_X1.jpg",
  "text": "X1",
  "global_poly": [
    [
      14646,
      113
    ],
    [
      14716,
      113
    ],
    [
      14716,
      175
    ],
    [
      14646,
      175
    ]
  ],
  "micro_poly": [
    [
      70,
      40
    ],
    [
      140,
      40
    ],
    [
      140,
      102
    ],
    [
      70,
      102
    ]
  ],
  "source_split_image": "split_20_14000_0.jpg",
  "split_poly": [
    [
      646,
      113
    ],
    [
      716,
      113
    ],
    [
      716,
      175
    ],
    [
      646,
      175
    ]
  ],
  "color_presence": {
    "blue": false,
    "green": true,
    "yellow": true,
    "red": true,
    "white": true
  },
  "color_stats": {
    "blue": {
      "pixels": 9,
      "ratio": 0.00018189902582966167
    },
    "green": {
      "pixels": 1529,
      "ratio": 0.030902623388172522
    },
    "yellow": {
      "pixels": 1209,
      "ratio": 0.024435102469784552
    },
    "red": {
      "pixels": 1677,
      "ratio": 0.03389385181292696
    },
    "white": {
      "pixels": 45034,
      "ratio": 0.9101823032458871
    }
  },
  "color_valid_pixels": 49478,
  "re_ocr_text": "X1",
  "re_ocr_confidence": 1.0,
  "re_ocr_details": [
    {
      "text": "X1",
      "confidence": 1.0,
      "color_info": null,
      "matched_key": "X1",
      "template_match_res": true,
      "template_match_score": 0.5846846103668213,
      "template_name": "ll1_l",
      "color_presence": {
        "blue": false,
        "green": true,
        "yellow": true,
        "red": true,
        "white": true
      },
      "color_stats": {
        "blue": {
          "pixels": 9,
          "ratio": 0.00018189902582966167
        },
        "green": {
          "pixels": 1529,
          "ratio": 0.030902623388172522
        },
        "yellow": {
          "pixels": 1209,
          "ratio": 0.024435102469784552
        },
        "red": {
          "pixels": 1677,
          "ratio": 0.03389385181292696
        },
        "white": {
          "pixels": 45034,
          "ratio": 0.9101823032458871
        }
      }
    }
  ],
  "matched_keys": [
    "X1"
  ]
}