{
  "micro_image_name": "micro_0042_X4.jpg",
  "text": "X4",
  "global_poly": [
    [
      14113,
      821
    ],
    [
      14193,
      821
    ],
    [
      14193,
      885
    ],
    [
      14113,
      885
    ]
  ],
  "micro_poly": [
    [
      70,
      40
    ],
    [
      150,
      40
    ],
    [
      150,
      104
    ],
    [
      70,
      104
    ]
  ],
  "source_split_image": "split_20_14000_0.jpg",
  "split_poly": [
    [
      113,
      821
    ],
    [
      193,
      821
    ],
    [
      193,
      885
    ],
    [
      113,
      885
    ]
  ],
  "color_presence": {
    "blue": false,
    "green": true,
    "yellow": true,
    "red": true,
    "white": true
  },
  "color_stats": {
    "blue": {
      "pixels": 16,
      "ratio": 0.00031175106677318163
    },
    "green": {
      "pixels": 1523,
      "ratio": 0.029674804668472225
    },
    "yellow": {
      "pixels": 1207,
      "ratio": 0.023517721099701887
    },
    "red": {
      "pixels": 2891,
      "ratio": 0.05632952087757925
    },
    "white": {
      "pixels": 45664,
      "ratio": 0.8897375445706603
    }
  },
  "color_valid_pixels": 51323,
  "re_ocr_text": "X4",
  "re_ocr_confidence": 1.0,
  "re_ocr_details": [
    {
      "text": "X4",
      "confidence": 1.0,
      "color_info": null,
      "matched_key": "X4",
      "template_match_res": true,
      "template_match_score": 0.5839226245880127,
      "template_name": "ll1_r",
      "color_presence": {
        "blue": false,
        "green": true,
        "yellow": true,
        "red": true,
        "white": true
      },
      "color_stats": {
        "blue": {
          "pixels": 16,
          "ratio": 0.00031175106677318163
        },
        "green": {
          "pixels": 1523,
          "ratio": 0.029674804668472225
        },
        "yellow": {
          "pixels": 1207,
          "ratio": 0.023517721099701887
        },
        "red": {
          "pixels": 2891,
          "ratio": 0.05632952087757925
        },
        "white": {
          "pixels": 45664,
          "ratio": 0.8897375445706603
        }
      }
    }
  ],
  "matched_keys": [
    "X4"
  ]
}