{
  "micro_image_name": "micro_0022_D71.jpg",
  "text": "D71",
  "global_poly": [
    [
      10430,
      718
    ],
    [
      10526,
      656
    ],
    [
      10568,
      721
    ],
    [
      10472,
      784
    ]
  ],
  "micro_poly": [
    [
      211,
      102
    ],
    [
      307,
      40
    ],
    [
      349,
      105
    ],
    [
      253,
      168
    ]
  ],
  "source_split_image": "split_14_9800_0.jpg",
  "split_poly": [
    [
      630,
      718
    ],
    [
      726,
      656
    ],
    [
      768,
      721
    ],
    [
      672,
      784
    ]
  ],
  "color_presence": {
    "blue": true,
    "green": false,
    "yellow": false,
    "red": false,
    "white": true
  },
  "color_stats": {
    "blue": {
      "pixels": 368,
      "ratio": 0.0033452112573631007
    },
    "green": {
      "pixels": 5,
      "ratio": 4.545123990982474e-05
    },
    "yellow": {
      "pixels": 3,
      "ratio": 2.7270743945894846e-05
    },
    "red": {
      "pixels": 0,
      "ratio": 0.0
    },
    "white": {
      "pixels": 109633,
      "ratio": 0.9965911570067632
    }
  },
  "color_valid_pixels": 110008,
  "re_ocr_text": "D71",
  "re_ocr_confidence": 1.0,
  "re_ocr_details": [
    {
      "text": "D71",
      "confidence": 1.0,
      "color_info": null,
      "matched_key": "D7",
      "color_presence": {
        "blue": true,
        "green": false,
        "yellow": false,
        "red": false,
        "white": true
      },
      "color_stats": {
        "blue": {
          "pixels": 368,
          "ratio": 0.0033452112573631007
        },
        "green": {
          "pixels": 5,
          "ratio": 4.545123990982474e-05
        },
        "yellow": {
          "pixels": 3,
          "ratio": 2.7270743945894846e-05
        },
        "red": {
          "pixels": 0,
          "ratio": 0.0
        },
        "white": {
          "pixels": 109633,
          "ratio": 0.9965911570067632
        }
      }
    }
  ],
  "matched_keys": [
    "D7"
  ]
}