{
  "micro_image_name": "micro_0058_XDI.jpg",
  "text": "XDI",
  "global_poly": [
    [
      1692,
      1292
    ],
    [
      1820,
      1288
    ],
    [
      1822,
      1352
    ],
    [
      1694,
      1356
    ]
  ],
  "micro_poly": [
    [
      0,
      44
    ],
    [
      128,
      40
    ],
    [
      130,
      104
    ],
    [
      2,
      108
    ]
  ],
  "source_split_image": "split_35_1400_700.jpg",
  "split_poly": [
    [
      292,
      592
    ],
    [
      420,
      588
    ],
    [
      422,
      652
    ],
    [
      294,
      656
    ]
  ],
  "color_presence": {
    "blue": false,
    "green": false,
    "yellow": true,
    "red": true,
    "white": true
  },
  "color_stats": {
    "blue": {
      "pixels": 29,
      "ratio": 0.0006071518298299975
    },
    "green": {
      "pixels": 14,
      "ratio": 0.0002931077799179298
    },
    "yellow": {
      "pixels": 2458,
      "ratio": 0.05146135164559082
    },
    "red": {
      "pixels": 2837,
      "ratio": 0.059396197973369064
    },
    "white": {
      "pixels": 42419,
      "ratio": 0.8880956368813332
    }
  },
  "color_valid_pixels": 47764,
  "re_ocr_text": "KO.588 XDI 0",
  "re_ocr_confidence": 0.9513425827026367,
  "re_ocr_details": [
    {
      "text": "KO.588",
      "confidence": 0.9513425827026367,
      "color_info": null,
      "matched_key": null,
      "color_presence": {
        "blue": false,
        "green": false,
        "yellow": true,
        "red": true,
        "white": true
      },
      "color_stats": {
        "blue": {
          "pixels": 29,
          "ratio": 0.0006071518298299975
        },
        "green": {
          "pixels": 14,
          "ratio": 0.0002931077799179298
        },
        "yellow": {
          "pixels": 2458,
          "ratio": 0.05146135164559082
        },
        "red": {
          "pixels": 2837,
          "ratio": 0.059396197973369064
        },
        "white": {
          "pixels": 42419,
          "ratio": 0.8880956368813332
        }
      }
    },
    {
      "text": "XDI",
      "confidence": 0.9805720448493958,
      "color_info": null,
      "matched_key": "X",
      "template_match_res": true,
      "template_match_score": 0.5698283910751343,
      "template_name": "ll1_r",
      "color_presence": {
        "blue": false,
        "green": false,
        "yellow": true,
        "red": true,
        "white": true
      },
      "color_stats": {
        "blue": {
          "pixels": 29,
          "ratio": 0.0006071518298299975
        },
        "green": {
          "pixels": 14,
          "ratio": 0.0002931077799179298
        },
        "yellow": {
          "pixels": 2458,
          "ratio": 0.05146135164559082
        },
        "red": {
          "pixels": 2837,
          "ratio": 0.059396197973369064
        },
        "white": {
          "pixels": 42419,
          "ratio": 0.8880956368813332
        }
      }
    },
    {
      "text": "0",
      "confidence": 0.4788094758987427,
      "color_info": null,
      "matched_key": null,
      "color_presence": {
        "blue": false,
        "green": false,
        "yellow": true,
        "red": true,
        "white": true
      },
      "color_stats": {
        "blue": {
          "pixels": 29,
          "ratio": 0.0006071518298299975
        },
        "green": {
          "pixels": 14,
          "ratio": 0.0002931077799179298
        },
        "yellow": {
          "pixels": 2458,
          "ratio": 0.05146135164559082
        },
        "red": {
          "pixels": 2837,
          "ratio": 0.059396197973369064
        },
        "white": {
          "pixels": 42419,
          "ratio": 0.8880956368813332
        }
      }
    }
  ],
  "matched_keys": [
    "X"
  ]
}