{
  "micro_image_name": "micro_0088_S6.jpg",
  "text": "S6",
  "global_poly": [
    [
      13050,
      1436
    ],
    [
      13121,
      1432
    ],
    [
      13124,
      1493
    ],
    [
      13053,
      1496
    ]
  ],
  "micro_poly": [
    [
      250,
      44
    ],
    [
      321,
      40
    ],
    [
      324,
      101
    ],
    [
      253,
      104
    ]
  ],
  "source_split_image": "split_51_12600_700.jpg",
  "split_poly": [
    [
      450,
      736
    ],
    [
      521,
      732
    ],
    [
      524,
      793
    ],
    [
      453,
      796
    ]
  ],
  "color_presence": {
    "blue": false,
    "green": true,
    "yellow": true,
    "red": true,
    "white": true
  },
  "color_stats": {
    "blue": {
      "pixels": 9,
      "ratio": 0.00018664841659926586
    },
    "green": {
      "pixels": 1534,
      "ratio": 0.03181318567369709
    },
    "yellow": {
      "pixels": 1216,
      "ratio": 0.025218274953856364
    },
    "red": {
      "pixels": 2003,
      "ratio": 0.04153964204981439
    },
    "white": {
      "pixels": 43446,
      "ratio": 0.9010141230635227
    }
  },
  "color_valid_pixels": 48219,
  "re_ocr_text": "S6",
  "re_ocr_confidence": 1.0,
  "re_ocr_details": [
    {
      "text": "S6",
      "confidence": 1.0,
      "color_info": null,
      "matched_key": "S6",
      "template_match_res": true,
      "template_match_score": 0.5676320791244507,
      "template_name": "ll1_l",
      "color_presence": {
        "blue": false,
        "green": true,
        "yellow": true,
        "red": true,
        "white": true
      },
      "color_stats": {
        "blue": {
          "pixels": 9,
          "ratio": 0.00018664841659926586
        },
        "green": {
          "pixels": 1534,
          "ratio": 0.03181318567369709
        },
        "yellow": {
          "pixels": 1216,
          "ratio": 0.025218274953856364
        },
        "red": {
          "pixels": 2003,
          "ratio": 0.04153964204981439
        },
        "white": {
          "pixels": 43446,
          "ratio": 0.9010141230635227
        }
      }
    }
  ],
  "matched_keys": [
    "S6"
  ]
}