{
  "micro_image_name": "micro_0147_SVI.jpg",
  "text": "SVI",
  "global_poly": [
    [
      11200,
      1907
    ],
    [
      11293,
      1907
    ],
    [
      11293,
      1976
    ],
    [
      11200,
      1976
    ]
  ],
  "micro_poly": [
    [
      250,
      40
    ],
    [
      343,
      40
    ],
    [
      343,
      109
    ],
    [
      250,
      109
    ]
  ],
  "source_split_image": "split_82_11200_1400.jpg",
  "split_poly": [
    [
      0,
      507
    ],
    [
      93,
      507
    ],
    [
      93,
      576
    ],
    [
      0,
      576
    ]
  ],
  "color_presence": {
    "blue": false,
    "green": true,
    "yellow": true,
    "red": true,
    "white": true
  },
  "color_stats": {
    "blue": {
      "pixels": 4,
      "ratio": 7.600805685402653e-05
    },
    "green": {
      "pixels": 1524,
      "ratio": 0.028959069661384108
    },
    "yellow": {
      "pixels": 1238,
      "ratio": 0.02352449359632121
    },
    "red": {
      "pixels": 1556,
      "ratio": 0.02956713411621632
    },
    "white": {
      "pixels": 48291,
      "ratio": 0.9176262683844487
    }
  },
  "color_valid_pixels": 52626,
  "re_ocr_text": "SVI",
  "re_ocr_confidence": 0.8920900821685791,
  "re_ocr_details": [
    {
      "text": "SVI",
      "confidence": 0.8920900821685791,
      "color_info": null,
      "matched_key": "S",
      "template_match_res": false,
      "template_match_score": 0.5539116859436035,
      "template_name": "ll1_l",
      "color_presence": {
        "blue": false,
        "green": true,
        "yellow": true,
        "red": true,
        "white": true
      },
      "color_stats": {
        "blue": {
          "pixels": 4,
          "ratio": 7.600805685402653e-05
        },
        "green": {
          "pixels": 1524,
          "ratio": 0.028959069661384108
        },
        "yellow": {
          "pixels": 1238,
          "ratio": 0.02352449359632121
        },
        "red": {
          "pixels": 1556,
          "ratio": 0.02956713411621632
        },
        "white": {
          "pixels": 48291,
          "ratio": 0.9176262683844487
        }
      }
    }
  ],
  "matched_keys": [
    "S"
  ]
}