{
  "micro_image_name": "micro_0036_S1.jpg",
  "text": "S1",
  "global_poly": [
    [
      12959,
      254
    ],
    [
      13029,
      254
    ],
    [
      13029,
      317
    ],
    [
      12959,
      317
    ]
  ],
  "micro_poly": [
    [
      250,
      40
    ],
    [
      320,
      40
    ],
    [
      320,
      103
    ],
    [
      250,
      103
    ]
  ],
  "source_split_image": "split_18_12600_0.jpg",
  "split_poly": [
    [
      359,
      254
    ],
    [
      429,
      254
    ],
    [
      429,
      317
    ],
    [
      359,
      317
    ]
  ],
  "color_presence": {
    "blue": false,
    "green": true,
    "yellow": true,
    "red": true,
    "white": true
  },
  "color_stats": {
    "blue": {
      "pixels": 16,
      "ratio": 0.0003296250515039143
    },
    "green": {
      "pixels": 1544,
      "ratio": 0.03180881747012773
    },
    "yellow": {
      "pixels": 1240,
      "ratio": 0.02554594149155336
    },
    "red": {
      "pixels": 1986,
      "ratio": 0.040914709517923364
    },
    "white": {
      "pixels": 43740,
      "ratio": 0.9011124845488258
    }
  },
  "color_valid_pixels": 48540,
  "re_ocr_text": "S1",
  "re_ocr_confidence": 1.0,
  "re_ocr_details": [
    {
      "text": "S1",
      "confidence": 1.0,
      "color_info": null,
      "matched_key": "S1",
      "template_match_res": true,
      "template_match_score": 0.5846845507621765,
      "template_name": "ll1_l",
      "color_presence": {
        "blue": false,
        "green": true,
        "yellow": true,
        "red": true,
        "white": true
      },
      "color_stats": {
        "blue": {
          "pixels": 16,
          "ratio": 0.0003296250515039143
        },
        "green": {
          "pixels": 1544,
          "ratio": 0.03180881747012773
        },
        "yellow": {
          "pixels": 1240,
          "ratio": 0.02554594149155336
        },
        "red": {
          "pixels": 1986,
          "ratio": 0.040914709517923364
        },
        "white": {
          "pixels": 43740,
          "ratio": 0.9011124845488258
        }
      }
    }
  ],
  "matched_keys": [
    "S1"
  ]
}