{
  "micro_image_name": "micro_0155_X10.jpg",
  "text": "X10",
  "global_poly": [
    [
      14736,
      2239
    ],
    [
      14834,
      2236
    ],
    [
      14836,
      2296
    ],
    [
      14738,
      2299
    ]
  ],
  "micro_poly": [
    [
      0,
      43
    ],
    [
      98,
      40
    ],
    [
      100,
      100
    ],
    [
      2,
      103
    ]
  ],
  "source_split_image": "split_86_14000_1400.jpg",
  "split_poly": [
    [
      736,
      839
    ],
    [
      834,
      836
    ],
    [
      836,
      896
    ],
    [
      738,
      899
    ]
  ],
  "color_presence": {
    "blue": false,
    "green": true,
    "yellow": true,
    "red": true,
    "white": true
  },
  "color_stats": {
    "blue": {
      "pixels": 10,
      "ratio": 0.00023211011303762505
    },
    "green": {
      "pixels": 1525,
      "ratio": 0.03539679223823782
    },
    "yellow": {
      "pixels": 1215,
      "ratio": 0.028201378734071445
    },
    "red": {
      "pixels": 1824,
      "ratio": 0.04233688461806281
    },
    "white": {
      "pixels": 38496,
      "ratio": 0.8935310911496414
    }
  },
  "color_valid_pixels": 43083,
  "re_ocr_text": "X10",
  "re_ocr_confidence": 1.0,
  "re_ocr_details": [
    {
      "text": "X10",
      "confidence": 1.0,
      "color_info": null,
      "matched_key": "X1",
      "template_match_res": true,
      "template_match_score": 0.5839227437973022,
      "template_name": "ll1_r",
      "color_presence": {
        "blue": false,
        "green": true,
        "yellow": true,
        "red": true,
        "white": true
      },
      "color_stats": {
        "blue": {
          "pixels": 10,
          "ratio": 0.00023211011303762505
        },
        "green": {
          "pixels": 1525,
          "ratio": 0.03539679223823782
        },
        "yellow": {
          "pixels": 1215,
          "ratio": 0.028201378734071445
        },
        "red": {
          "pixels": 1824,
          "ratio": 0.04233688461806281
        },
        "white": {
          "pixels": 38496,
          "ratio": 0.8935310911496414
        }
      }
    }
  ],
  "matched_keys": [
    "X1"
  ]
}