{
  "micro_image_name": "micro_0131_D31.jpg",
  "text": "D31",
  "global_poly": [
    [
      7890,
      2143
    ],
    [
      7990,
      2143
    ],
    [
      7990,
      2206
    ],
    [
      7890,
      2206
    ]
  ],
  "micro_poly": [
    [
      250,
      40
    ],
    [
      350,
      40
    ],
    [
      350,
      103
    ],
    [
      250,
      103
    ]
  ],
  "source_split_image": "split_76_7000_1400.jpg",
  "split_poly": [
    [
      890,
      743
    ],
    [
      990,
      743
    ],
    [
      990,
      806
    ],
    [
      890,
      806
    ]
  ],
  "color_presence": {
    "blue": true,
    "green": false,
    "yellow": false,
    "red": false,
    "white": true
  },
  "color_stats": {
    "blue": {
      "pixels": 368,
      "ratio": 0.008289781942692377
    },
    "green": {
      "pixels": 1,
      "ratio": 2.2526581366011895e-05
    },
    "yellow": {
      "pixels": 4,
      "ratio": 9.010632546404758e-05
    },
    "red": {
      "pixels": 0,
      "ratio": 0.0
    },
    "white": {
      "pixels": 44018,
      "ratio": 0.9915750585691115
    }
  },
  "color_valid_pixels": 44392,
  "re_ocr_text": "D31",
  "re_ocr_confidence": 1.0,
  "re_ocr_details": [
    {
      "text": "D31",
      "confidence": 1.0,
      "color_info": null,
      "matched_key": "D31",
      "color_presence": {
        "blue": true,
        "green": false,
        "yellow": false,
        "red": false,
        "white": true
      },
      "color_stats": {
        "blue": {
          "pixels": 368,
          "ratio": 0.008289781942692377
        },
        "green": {
          "pixels": 1,
          "ratio": 2.2526581366011895e-05
        },
        "yellow": {
          "pixels": 4,
          "ratio": 9.010632546404758e-05
        },
        "red": {
          "pixels": 0,
          "ratio": 0.0
        },
        "white": {
          "pixels": 44018,
          "ratio": 0.9915750585691115
        }
      }
    }
  ],
  "matched_keys": [
    "D31"
  ]
}