{
  "micro_image_name": "micro_0158_X10.jpg",
  "text": "X10",
  "global_poly": [
    [
      14736,
      2239
    ],
    [
      14835,
      2239
    ],
    [
      14835,
      2298
    ],
    [
      14736,
      2298
    ]
  ],
  "micro_poly": [
    [
      70,
      40
    ],
    [
      169,
      40
    ],
    [
      169,
      99
    ],
    [
      70,
      99
    ]
  ],
  "source_split_image": "split_87_14700_1400.jpg",
  "split_poly": [
    [
      36,
      839
    ],
    [
      135,
      839
    ],
    [
      135,
      898
    ],
    [
      36,
      898
    ]
  ],
  "color_presence": {
    "blue": false,
    "green": true,
    "yellow": true,
    "red": true,
    "white": true
  },
  "color_stats": {
    "blue": {
      "pixels": 10,
      "ratio": 0.00019425774117098568
    },
    "green": {
      "pixels": 1525,
      "ratio": 0.029624305528575312
    },
    "yellow": {
      "pixels": 1215,
      "ratio": 0.02360231555227476
    },
    "red": {
      "pixels": 1559,
      "ratio": 0.030284781848556666
    },
    "white": {
      "pixels": 47156,
      "ratio": 0.9160418042659
    }
  },
  "color_valid_pixels": 51478,
  "re_ocr_text": "X10",
  "re_ocr_confidence": 1.0,
  "re_ocr_details": [
    {
      "text": "X10",
      "confidence": 1.0,
      "color_info": null,
      "matched_key": "X1",
      "template_match_res": true,
      "template_match_score": 0.5839227437973022,
      "template_name": "ll1_r",
      "color_presence": {
        "blue": false,
        "green": true,
        "yellow": true,
        "red": true,
        "white": true
      },
      "color_stats": {
        "blue": {
          "pixels": 10,
          "ratio": 0.00019425774117098568
        },
        "green": {
          "pixels": 1525,
          "ratio": 0.029624305528575312
        },
        "yellow": {
          "pixels": 1215,
          "ratio": 0.02360231555227476
        },
        "red": {
          "pixels": 1559,
          "ratio": 0.030284781848556666
        },
        "white": {
          "pixels": 47156,
          "ratio": 0.9160418042659
        }
      }
    }
  ],
  "matched_keys": [
    "X1"
  ]
}