{
  "micro_image_name": "micro_0132_D45.jpg",
  "text": "D45",
  "global_poly": [
    [
      8046,
      1467
    ],
    [
      8146,
      1464
    ],
    [
      8148,
      1524
    ],
    [
      8048,
      1526
    ]
  ],
  "micro_poly": [
    [
      250,
      43
    ],
    [
      350,
      40
    ],
    [
      352,
      100
    ],
    [
      252,
      102
    ]
  ],
  "source_split_image": "split_77_7700_1400.jpg",
  "split_poly": [
    [
      346,
      67
    ],
    [
      446,
      64
    ],
    [
      448,
      124
    ],
    [
      348,
      126
    ]
  ],
  "color_presence": {
    "blue": true,
    "green": false,
    "yellow": false,
    "red": false,
    "white": true
  },
  "color_stats": {
    "blue": {
      "pixels": 456,
      "ratio": 0.009627768511285181
    },
    "green": {
      "pixels": 3,
      "ratio": 6.334058231108672e-05
    },
    "yellow": {
      "pixels": 1,
      "ratio": 2.1113527437028903e-05
    },
    "red": {
      "pixels": 0,
      "ratio": 0.0
    },
    "white": {
      "pixels": 46903,
      "ratio": 0.9902877773789667
    }
  },
  "color_valid_pixels": 47363,
  "re_ocr_text": "D45",
  "re_ocr_confidence": 1.0,
  "re_ocr_details": [
    {
      "text": "D45",
      "confidence": 1.0,
      "color_info": null,
      "matched_key": "D45",
      "color_presence": {
        "blue": true,
        "green": false,
        "yellow": false,
        "red": false,
        "white": true
      },
      "color_stats": {
        "blue": {
          "pixels": 456,
          "ratio": 0.009627768511285181
        },
        "green": {
          "pixels": 3,
          "ratio": 6.334058231108672e-05
        },
        "yellow": {
          "pixels": 1,
          "ratio": 2.1113527437028903e-05
        },
        "red": {
          "pixels": 0,
          "ratio": 0.0
        },
        "white": {
          "pixels": 46903,
          "ratio": 0.9902877773789667
        }
      }
    }
  ],
  "matched_keys": [
    "D45"
  ]
}