{
  "micro_image_name": "micro_0087_S5.jpg",
  "text": "S5",
  "global_poly": [
    [
      13220,
      1201
    ],
    [
      13289,
      1201
    ],
    [
      13289,
      1257
    ],
    [
      13220,
      1257
    ]
  ],
  "micro_poly": [
    [
      250,
      40
    ],
    [
      319,
      40
    ],
    [
      319,
      96
    ],
    [
      250,
      96
    ]
  ],
  "source_split_image": "split_51_12600_700.jpg",
  "split_poly": [
    [
      620,
      501
    ],
    [
      689,
      501
    ],
    [
      689,
      557
    ],
    [
      620,
      557
    ]
  ],
  "color_presence": {
    "blue": false,
    "green": true,
    "yellow": true,
    "red": true,
    "white": true
  },
  "color_stats": {
    "blue": {
      "pixels": 5,
      "ratio": 0.00011156978690170702
    },
    "green": {
      "pixels": 1515,
      "ratio": 0.033805645431217224
    },
    "yellow": {
      "pixels": 1241,
      "ratio": 0.02769162110900368
    },
    "red": {
      "pixels": 1833,
      "ratio": 0.04090148387816579
    },
    "white": {
      "pixels": 40210,
      "ratio": 0.8972442262635278
    }
  },
  "color_valid_pixels": 44815,
  "re_ocr_text": "S5",
  "re_ocr_confidence": 1.0,
  "re_ocr_details": [
    {
      "text": "S5",
      "confidence": 1.0,
      "color_info": null,
      "matched_key": "S5",
      "template_match_res": true,
      "template_match_score": 0.5989189743995667,
      "template_name": "ll1_l",
      "color_presence": {
        "blue": false,
        "green": true,
        "yellow": true,
        "red": true,
        "white": true
      },
      "color_stats": {
        "blue": {
          "pixels": 5,
          "ratio": 0.00011156978690170702
        },
        "green": {
          "pixels": 1515,
          "ratio": 0.033805645431217224
        },
        "yellow": {
          "pixels": 1241,
          "ratio": 0.02769162110900368
        },
        "red": {
          "pixels": 1833,
          "ratio": 0.04090148387816579
        },
        "white": {
          "pixels": 40210,
          "ratio": 0.8972442262635278
        }
      }
    }
  ],
  "matched_keys": [
    "S5"
  ]
}