{
  "micro_image_name": "micro_0149_S6.jpg",
  "text": "S6",
  "global_poly": [
    [
      13053,
      1436
    ],
    [
      13124,
      1436
    ],
    [
      13124,
      1498
    ],
    [
      13053,
      1498
    ]
  ],
  "micro_poly": [
    [
      250,
      40
    ],
    [
      321,
      40
    ],
    [
      321,
      102
    ],
    [
      250,
      102
    ]
  ],
  "source_split_image": "split_84_12600_1400.jpg",
  "split_poly": [
    [
      453,
      36
    ],
    [
      524,
      36
    ],
    [
      524,
      98
    ],
    [
      453,
      98
    ]
  ],
  "color_presence": {
    "blue": false,
    "green": true,
    "yellow": true,
    "red": true,
    "white": true
  },
  "color_stats": {
    "blue": {
      "pixels": 9,
      "ratio": 0.00019092066185829443
    },
    "green": {
      "pixels": 1534,
      "ratio": 0.03254136614340263
    },
    "yellow": {
      "pixels": 1217,
      "ratio": 0.025816716164616036
    },
    "red": {
      "pixels": 2102,
      "ratio": 0.044590581247348327
    },
    "white": {
      "pixels": 42267,
      "ratio": 0.8966270683071701
    }
  },
  "color_valid_pixels": 47140,
  "re_ocr_text": "S6",
  "re_ocr_confidence": 1.0,
  "re_ocr_details": [
    {
      "text": "S6",
      "confidence": 1.0,
      "color_info": null,
      "matched_key": "S6",
      "template_match_res": true,
      "template_match_score": 0.5676320791244507,
      "template_name": "ll1_l",
      "color_presence": {
        "blue": false,
        "green": true,
        "yellow": true,
        "red": true,
        "white": true
      },
      "color_stats": {
        "blue": {
          "pixels": 9,
          "ratio": 0.00019092066185829443
        },
        "green": {
          "pixels": 1534,
          "ratio": 0.03254136614340263
        },
        "yellow": {
          "pixels": 1217,
          "ratio": 0.025816716164616036
        },
        "red": {
          "pixels": 2102,
          "ratio": 0.044590581247348327
        },
        "white": {
          "pixels": 42267,
          "ratio": 0.8966270683071701
        }
      }
    }
  ],
  "matched_keys": [
    "S6"
  ]
}