{
  "micro_image_name": "micro_0091_X6.jpg",
  "text": "X6",
  "global_poly": [
    [
      14058,
      1293
    ],
    [
      14130,
      1293
    ],
    [
      14130,
      1353
    ],
    [
      14058,
      1353
    ]
  ],
  "micro_poly": [
    [
      70,
      40
    ],
    [
      142,
      40
    ],
    [
      142,
      100
    ],
    [
      70,
      100
    ]
  ],
  "source_split_image": "split_52_13300_700.jpg",
  "split_poly": [
    [
      758,
      593
    ],
    [
      830,
      593
    ],
    [
      830,
      653
    ],
    [
      758,
      653
    ]
  ],
  "color_presence": {
    "blue": false,
    "green": true,
    "yellow": true,
    "red": true,
    "white": true
  },
  "color_stats": {
    "blue": {
      "pixels": 16,
      "ratio": 0.000330169211721007
    },
    "green": {
      "pixels": 1546,
      "ratio": 0.0319026000825423
    },
    "yellow": {
      "pixels": 1238,
      "ratio": 0.025546842756912918
    },
    "red": {
      "pixels": 1559,
      "ratio": 0.03217086256706562
    },
    "white": {
      "pixels": 44091,
      "ratio": 0.9098431696244326
    }
  },
  "color_valid_pixels": 48460,
  "re_ocr_text": "X6",
  "re_ocr_confidence": 1.0,
  "re_ocr_details": [
    {
      "text": "X6",
      "confidence": 1.0,
      "color_info": null,
      "matched_key": "X6",
      "template_match_res": true,
      "template_match_score": 0.5698283910751343,
      "template_name": "ll1_r",
      "color_presence": {
        "blue": false,
        "green": true,
        "yellow": true,
        "red": true,
        "white": true
      },
      "color_stats": {
        "blue": {
          "pixels": 16,
          "ratio": 0.000330169211721007
        },
        "green": {
          "pixels": 1546,
          "ratio": 0.0319026000825423
        },
        "yellow": {
          "pixels": 1238,
          "ratio": 0.025546842756912918
        },
        "red": {
          "pixels": 1559,
          "ratio": 0.03217086256706562
        },
        "white": {
          "pixels": 44091,
          "ratio": 0.9098431696244326
        }
      }
    }
  ],
  "matched_keys": [
    "X6"
  ]
}