{
  "micro_image_name": "micro_0029_S3.jpg",
  "text": "S3",
  "global_poly": [
    [
      12427,
      727
    ],
    [
      12500,
      723
    ],
    [
      12502,
      786
    ],
    [
      12430,
      789
    ]
  ],
  "micro_poly": [
    [
      250,
      44
    ],
    [
      323,
      40
    ],
    [
      325,
      103
    ],
    [
      253,
      106
    ]
  ],
  "source_split_image": "split_17_11900_0.jpg",
  "split_poly": [
    [
      527,
      727
    ],
    [
      600,
      723
    ],
    [
      602,
      786
    ],
    [
      530,
      789
    ]
  ],
  "color_presence": {
    "blue": false,
    "green": true,
    "yellow": true,
    "red": true,
    "white": true
  },
  "color_stats": {
    "blue": {
      "pixels": 11,
      "ratio": 0.0002188401472197354
    },
    "green": {
      "pixels": 1536,
      "ratio": 0.030558042375410325
    },
    "yellow": {
      "pixels": 1242,
      "ratio": 0.02470904207699194
    },
    "red": {
      "pixels": 1556,
      "ratio": 0.030955933552173482
    },
    "white": {
      "pixels": 45910,
      "ratio": 0.913359196259823
    }
  },
  "color_valid_pixels": 50265,
  "re_ocr_text": "S3",
  "re_ocr_confidence": 1.0,
  "re_ocr_details": [
    {
      "text": "S3",
      "confidence": 1.0,
      "color_info": null,
      "matched_key": "S3",
      "template_match_res": true,
      "template_match_score": 0.5676321387290955,
      "template_name": "ll1_l",
      "color_presence": {
        "blue": false,
        "green": true,
        "yellow": true,
        "red": true,
        "white": true
      },
      "color_stats": {
        "blue": {
          "pixels": 11,
          "ratio": 0.0002188401472197354
        },
        "green": {
          "pixels": 1536,
          "ratio": 0.030558042375410325
        },
        "yellow": {
          "pixels": 1242,
          "ratio": 0.02470904207699194
        },
        "red": {
          "pixels": 1556,
          "ratio": 0.030955933552173482
        },
        "white": {
          "pixels": 45910,
          "ratio": 0.913359196259823
        }
      }
    }
  ],
  "matched_keys": [
    "S3"
  ]
}