{
  "micro_image_name": "micro_0002_D35.jpg",
  "text": "D35",
  "global_poly": [
    [
      8004,
      2327
    ],
    [
      8126,
      2378
    ],
    [
      8099,
      2443
    ],
    [
      7977,
      2392
    ]
  ],
  "micro_poly": [
    [
      27,
      40
    ],
    [
      149,
      91
    ],
    [
      122,
      156
    ],
    [
      0,
      105
    ]
  ],
  "source_split_image": "split_110_7700_2100.jpg",
  "split_poly": [
    [
      304,
      227
    ],
    [
      426,
      278
    ],
    [
      399,
      343
    ],
    [
      277,
      292
    ]
  ],
  "color_presence": {
    "blue": true,
    "green": false,
    "yellow": false,
    "red": false,
    "white": true
  },
  "color_stats": {
    "blue": {
      "pixels": 365,
      "ratio": 0.0056113271941826675
    },
    "green": {
      "pixels": 2,
      "ratio": 3.0746998324288593e-05
    },
    "yellow": {
      "pixels": 3,
      "ratio": 4.612049748643289e-05
    },
    "red": {
      "pixels": 0,
      "ratio": 0.0
    },
    "white": {
      "pixels": 64676,
      "ratio": 0.9942964318108445
    }
  },
  "color_valid_pixels": 65047,
  "re_ocr_text": "D35",
  "re_ocr_confidence": 1.0,
  "re_ocr_details": [
    {
      "text": "D35",
      "confidence": 1.0,
      "color_info": null,
      "matched_key": "D35",
      "color_presence": {
        "blue": true,
        "green": false,
        "yellow": false,
        "red": false,
        "white": true
      },
      "color_stats": {
        "blue": {
          "pixels": 365,
          "ratio": 0.0056113271941826675
        },
        "green": {
          "pixels": 2,
          "ratio": 3.0746998324288593e-05
        },
        "yellow": {
          "pixels": 3,
          "ratio": 4.612049748643289e-05
        },
        "red": {
          "pixels": 0,
          "ratio": 0.0
        },
        "white": {
          "pixels": 64676,
          "ratio": 0.9942964318108445
        }
      }
    }
  ],
  "matched_keys": [
    "D35"
  ]
}