{
  "micro_image_name": "micro_0059_X.jpg",
  "text": "X",
  "global_poly": [
    [
      1880,
      1298
    ],
    [
      1926,
      1298
    ],
    [
      1926,
      1325
    ],
    [
      1880,
      1325
    ]
  ],
  "micro_poly": [
    [
      70,
      40
    ],
    [
      116,
      40
    ],
    [
      116,
      67
    ],
    [
      70,
      67
    ]
  ],
  "source_split_image": "split_35_1400_700.jpg",
  "split_poly": [
    [
      480,
      598
    ],
    [
      526,
      598
    ],
    [
      526,
      625
    ],
    [
      480,
      625
    ]
  ],
  "color_presence": {
    "blue": false,
    "green": false,
    "yellow": true,
    "red": true,
    "white": true
  },
  "color_stats": {
    "blue": {
      "pixels": 28,
      "ratio": 0.0008516333110286514
    },
    "green": {
      "pixels": 13,
      "ratio": 0.0003954011801204453
    },
    "yellow": {
      "pixels": 2457,
      "ratio": 0.07473082304276416
    },
    "red": {
      "pixels": 1803,
      "ratio": 0.05483910213516637
    },
    "white": {
      "pixels": 28575,
      "ratio": 0.8691222093801326
    }
  },
  "color_valid_pixels": 32878,
  "re_ocr_text": "X",
  "re_ocr_confidence": 1.0,
  "re_ocr_details": [
    {
      "text": "X",
      "confidence": 1.0,
      "color_info": null,
      "matched_key": "X",
      "template_match_res": true,
      "template_match_score": 0.5698283910751343,
      "template_name": "ll1_r",
      "color_presence": {
        "blue": false,
        "green": false,
        "yellow": true,
        "red": true,
        "white": true
      },
      "color_stats": {
        "blue": {
          "pixels": 28,
          "ratio": 0.0008516333110286514
        },
        "green": {
          "pixels": 13,
          "ratio": 0.0003954011801204453
        },
        "yellow": {
          "pixels": 2457,
          "ratio": 0.07473082304276416
        },
        "red": {
          "pixels": 1803,
          "ratio": 0.05483910213516637
        },
        "white": {
          "pixels": 28575,
          "ratio": 0.8691222093801326
        }
      }
    }
  ],
  "matched_keys": [
    "X"
  ]
}