{
  "micro_image_name": "micro_0071_D53.jpg",
  "text": "D53",
  "global_poly": [
    [
      8204,
      1060
    ],
    [
      8304,
      1060
    ],
    [
      8304,
      1118
    ],
    [
      8204,
      1118
    ]
  ],
  "micro_poly": [
    [
      250,
      40
    ],
    [
      350,
      40
    ],
    [
      350,
      98
    ],
    [
      250,
      98
    ]
  ],
  "source_split_image": "split_44_7700_700.jpg",
  "split_poly": [
    [
      504,
      360
    ],
    [
      604,
      360
    ],
    [
      604,
      418
    ],
    [
      504,
      418
    ]
  ],
  "color_presence": {
    "blue": true,
    "green": false,
    "yellow": false,
    "red": false,
    "white": true
  },
  "color_stats": {
    "blue": {
      "pixels": 358,
      "ratio": 0.004946254386692089
    },
    "green": {
      "pixels": 3,
      "ratio": 4.1449059106358285e-05
    },
    "yellow": {
      "pixels": 1,
      "ratio": 1.3816353035452762e-05
    },
    "red": {
      "pixels": 0,
      "ratio": 0.0
    },
    "white": {
      "pixels": 72014,
      "ratio": 0.9949708474950952
    }
  },
  "color_valid_pixels": 72378,
  "re_ocr_text": "D53",
  "re_ocr_confidence": 1.0,
  "re_ocr_details": [
    {
      "text": "D53",
      "confidence": 1.0,
      "color_info": null,
      "matched_key": "D53",
      "color_presence": {
        "blue": true,
        "green": false,
        "yellow": false,
        "red": false,
        "white": true
      },
      "color_stats": {
        "blue": {
          "pixels": 358,
          "ratio": 0.004946254386692089
        },
        "green": {
          "pixels": 3,
          "ratio": 4.1449059106358285e-05
        },
        "yellow": {
          "pixels": 1,
          "ratio": 1.3816353035452762e-05
        },
        "red": {
          "pixels": 0,
          "ratio": 0.0
        },
        "white": {
          "pixels": 72014,
          "ratio": 0.9949708474950952
        }
      }
    }
  ],
  "matched_keys": [
    "D53"
  ]
}