{
  "micro_image_name": "micro_0169_D12.jpg",
  "text": "D12",
  "global_poly": [
    [
      18879,
      1703
    ],
    [
      18979,
      1703
    ],
    [
      18979,
      1761
    ],
    [
      18879,
      1761
    ]
  ],
  "micro_poly": [
    [
      250,
      40
    ],
    [
      350,
      40
    ],
    [
      350,
      98
    ],
    [
      250,
      98
    ]
  ],
  "source_split_image": "split_92_18200_1400.jpg",
  "split_poly": [
    [
      679,
      303
    ],
    [
      779,
      303
    ],
    [
      779,
      361
    ],
    [
      679,
      361
    ]
  ],
  "color_presence": {
    "blue": true,
    "green": false,
    "yellow": false,
    "red": false,
    "white": true
  },
  "color_stats": {
    "blue": {
      "pixels": 454,
      "ratio": 0.005686942579416775
    },
    "green": {
      "pixels": 3,
      "ratio": 3.757891572301834e-05
    },
    "yellow": {
      "pixels": 2,
      "ratio": 2.5052610482012225e-05
    },
    "red": {
      "pixels": 0,
      "ratio": 0.0
    },
    "white": {
      "pixels": 79373,
      "ratio": 0.9942504258943782
    }
  },
  "color_valid_pixels": 79832,
  "re_ocr_text": "D12",
  "re_ocr_confidence": 1.0,
  "re_ocr_details": [
    {
      "text": "D12",
      "confidence": 1.0,
      "color_info": null,
      "matched_key": "D12",
      "color_presence": {
        "blue": true,
        "green": false,
        "yellow": false,
        "red": false,
        "white": true
      },
      "color_stats": {
        "blue": {
          "pixels": 454,
          "ratio": 0.005686942579416775
        },
        "green": {
          "pixels": 3,
          "ratio": 3.757891572301834e-05
        },
        "yellow": {
          "pixels": 2,
          "ratio": 2.5052610482012225e-05
        },
        "red": {
          "pixels": 0,
          "ratio": 0.0
        },
        "white": {
          "pixels": 79373,
          "ratio": 0.9942504258943782
        }
      }
    }
  ],
  "matched_keys": [
    "D12"
  ]
}