{
  "micro_image_name": "micro_0168_D14.jpg",
  "text": "D14",
  "global_poly": [
    [
      18880,
      1470
    ],
    [
      18979,
      1470
    ],
    [
      18979,
      1524
    ],
    [
      18880,
      1524
    ]
  ],
  "micro_poly": [
    [
      70,
      40
    ],
    [
      169,
      40
    ],
    [
      169,
      94
    ],
    [
      70,
      94
    ]
  ],
  "source_split_image": "split_92_18200_1400.jpg",
  "split_poly": [
    [
      680,
      70
    ],
    [
      779,
      70
    ],
    [
      779,
      124
    ],
    [
      680,
      124
    ]
  ],
  "color_presence": {
    "blue": true,
    "green": false,
    "yellow": false,
    "red": false,
    "white": true
  },
  "color_stats": {
    "blue": {
      "pixels": 448,
      "ratio": 0.008300754108687998
    },
    "green": {
      "pixels": 9,
      "ratio": 0.00016675622093346426
    },
    "yellow": {
      "pixels": 10,
      "ratio": 0.0001852846899260714
    },
    "red": {
      "pixels": 0,
      "ratio": 0.0
    },
    "white": {
      "pixels": 53507,
      "ratio": 0.9914027903874303
    }
  },
  "color_valid_pixels": 53971,
  "re_ocr_text": "D14",
  "re_ocr_confidence": 1.0,
  "re_ocr_details": [
    {
      "text": "D14",
      "confidence": 1.0,
      "color_info": null,
      "matched_key": "D14",
      "color_presence": {
        "blue": true,
        "green": false,
        "yellow": false,
        "red": false,
        "white": true
      },
      "color_stats": {
        "blue": {
          "pixels": 448,
          "ratio": 0.008300754108687998
        },
        "green": {
          "pixels": 9,
          "ratio": 0.00016675622093346426
        },
        "yellow": {
          "pixels": 10,
          "ratio": 0.0001852846899260714
        },
        "red": {
          "pixels": 0,
          "ratio": 0.0
        },
        "white": {
          "pixels": 53507,
          "ratio": 0.9914027903874303
        }
      }
    }
  ],
  "matched_keys": [
    "D14"
  ]
}