{
  "micro_image_name": "micro_0153_XVII.jpg",
  "text": "XVII",
  "global_poly": [
    [
      14383,
      1765
    ],
    [
      14484,
      1765
    ],
    [
      14484,
      1827
    ],
    [
      14383,
      1827
    ]
  ],
  "micro_poly": [
    [
      0,
      40
    ],
    [
      101,
      40
    ],
    [
      101,
      102
    ],
    [
      0,
      102
    ]
  ],
  "source_split_image": "split_86_14000_1400.jpg",
  "split_poly": [
    [
      383,
      365
    ],
    [
      484,
      365
    ],
    [
      484,
      427
    ],
    [
      383,
      427
    ]
  ],
  "color_presence": {
    "blue": false,
    "green": true,
    "yellow": true,
    "red": true,
    "white": true
  },
  "color_stats": {
    "blue": {
      "pixels": 14,
      "ratio": 0.0003247657047415793
    },
    "green": {
      "pixels": 1528,
      "ratio": 0.03544585691750951
    },
    "yellow": {
      "pixels": 1215,
      "ratio": 0.028185023661501347
    },
    "red": {
      "pixels": 2251,
      "ratio": 0.05221768581237821
    },
    "white": {
      "pixels": 38081,
      "ratio": 0.8833859144474343
    }
  },
  "color_valid_pixels": 43108,
  "re_ocr_text": "1工工O XVI",
  "re_ocr_confidence": 0.2225845456123352,
  "re_ocr_details": [
    {
      "text": "1工工O",
      "confidence": 0.2225845456123352,
      "color_info": null,
      "matched_key": null,
      "color_presence": {
        "blue": false,
        "green": true,
        "yellow": true,
        "red": true,
        "white": true
      },
      "color_stats": {
        "blue": {
          "pixels": 14,
          "ratio": 0.0003247657047415793
        },
        "green": {
          "pixels": 1528,
          "ratio": 0.03544585691750951
        },
        "yellow": {
          "pixels": 1215,
          "ratio": 0.028185023661501347
        },
        "red": {
          "pixels": 2251,
          "ratio": 0.05221768581237821
        },
        "white": {
          "pixels": 38081,
          "ratio": 0.8833859144474343
        }
      }
    },
    {
      "text": "XVI",
      "confidence": 0.7710855603218079,
      "color_info": null,
      "matched_key": "X",
      "template_match_res": true,
      "template_match_score": 0.5839226841926575,
      "template_name": "ll1_r",
      "color_presence": {
        "blue": false,
        "green": true,
        "yellow": true,
        "red": true,
        "white": true
      },
      "color_stats": {
        "blue": {
          "pixels": 14,
          "ratio": 0.0003247657047415793
        },
        "green": {
          "pixels": 1528,
          "ratio": 0.03544585691750951
        },
        "yellow": {
          "pixels": 1215,
          "ratio": 0.028185023661501347
        },
        "red": {
          "pixels": 2251,
          "ratio": 0.05221768581237821
        },
        "white": {
          "pixels": 38081,
          "ratio": 0.8833859144474343
        }
      }
    }
  ],
  "matched_keys": [
    "X"
  ]
}