{
  "micro_image_name": "micro_0142_D79.jpg",
  "text": "D79",
  "global_poly": [
    [
      11355,
      1700
    ],
    [
      11460,
      1697
    ],
    [
      11462,
      1758
    ],
    [
      11357,
      1761
    ]
  ],
  "micro_poly": [
    [
      250,
      43
    ],
    [
      355,
      40
    ],
    [
      357,
      101
    ],
    [
      252,
      104
    ]
  ],
  "source_split_image": "split_81_10500_1400.jpg",
  "split_poly": [
    [
      855,
      300
    ],
    [
      960,
      297
    ],
    [
      962,
      358
    ],
    [
      857,
      361
    ]
  ],
  "color_presence": {
    "blue": true,
    "green": false,
    "yellow": false,
    "red": false,
    "white": true
  },
  "color_stats": {
    "blue": {
      "pixels": 467,
      "ratio": 0.009479538811302372
    },
    "green": {
      "pixels": 5,
      "ratio": 0.0001014939915556999
    },
    "yellow": {
      "pixels": 6,
      "ratio": 0.00012179278986683988
    },
    "red": {
      "pixels": 0,
      "ratio": 0.0
    },
    "white": {
      "pixels": 48791,
      "ratio": 0.9903986683988308
    }
  },
  "color_valid_pixels": 49264,
  "re_ocr_text": "D79",
  "re_ocr_confidence": 1.0,
  "re_ocr_details": [
    {
      "text": "D79",
      "confidence": 1.0,
      "color_info": null,
      "matched_key": "D7",
      "color_presence": {
        "blue": true,
        "green": false,
        "yellow": false,
        "red": false,
        "white": true
      },
      "color_stats": {
        "blue": {
          "pixels": 467,
          "ratio": 0.009479538811302372
        },
        "green": {
          "pixels": 5,
          "ratio": 0.0001014939915556999
        },
        "yellow": {
          "pixels": 6,
          "ratio": 0.00012179278986683988
        },
        "red": {
          "pixels": 0,
          "ratio": 0.0
        },
        "white": {
          "pixels": 48791,
          "ratio": 0.9903986683988308
        }
      }
    }
  ],
  "matched_keys": [
    "D7"
  ]
}