{
  "micro_image_name": "micro_0007_S10.jpg",
  "text": "S10",
  "global_poly": [
    [
      11258,
      2379
    ],
    [
      11361,
      2379
    ],
    [
      11361,
      2442
    ],
    [
      11258,
      2442
    ]
  ],
  "micro_poly": [
    [
      250,
      40
    ],
    [
      353,
      40
    ],
    [
      353,
      103
    ],
    [
      250,
      103
    ]
  ],
  "source_split_image": "split_114_10500_2100.jpg",
  "split_poly": [
    [
      758,
      279
    ],
    [
      861,
      279
    ],
    [
      861,
      342
    ],
    [
      758,
      342
    ]
  ],
  "color_presence": {
    "blue": false,
    "green": true,
    "yellow": true,
    "red": true,
    "white": true
  },
  "color_stats": {
    "blue": {
      "pixels": 8,
      "ratio": 0.0001858088491464406
    },
    "green": {
      "pixels": 1525,
      "ratio": 0.03541981186854024
    },
    "yellow": {
      "pixels": 1211,
      "ratio": 0.028126814539542445
    },
    "red": {
      "pixels": 1557,
      "ratio": 0.036163047265126
    },
    "white": {
      "pixels": 38742,
      "ratio": 0.8998258042039252
    }
  },
  "color_valid_pixels": 43055,
  "re_ocr_text": "S10",
  "re_ocr_confidence": 1.0,
  "re_ocr_details": [
    {
      "text": "S10",
      "confidence": 1.0,
      "color_info": null,
      "matched_key": "S1",
      "template_match_res": true,
      "template_match_score": 0.6154574155807495,
      "template_name": "ll1_l",
      "color_presence": {
        "blue": false,
        "green": true,
        "yellow": true,
        "red": true,
        "white": true
      },
      "color_stats": {
        "blue": {
          "pixels": 8,
          "ratio": 0.0001858088491464406
        },
        "green": {
          "pixels": 1525,
          "ratio": 0.03541981186854024
        },
        "yellow": {
          "pixels": 1211,
          "ratio": 0.028126814539542445
        },
        "red": {
          "pixels": 1557,
          "ratio": 0.036163047265126
        },
        "white": {
          "pixels": 38742,
          "ratio": 0.8998258042039252
        }
      }
    }
  ],
  "matched_keys": [
    "S1"
  ]
}