{
  "micro_image_name": "micro_0046_X3.jpg",
  "text": "X3",
  "global_poly": [
    [
      15403,
      590
    ],
    [
      15472,
      590
    ],
    [
      15472,
      646
    ],
    [
      15403,
      646
    ]
  ],
  "micro_poly": [
    [
      70,
      40
    ],
    [
      139,
      40
    ],
    [
      139,
      96
    ],
    [
      70,
      96
    ]
  ],
  "source_split_image": "split_22_15400_0.jpg",
  "split_poly": [
    [
      3,
      590
    ],
    [
      72,
      590
    ],
    [
      72,
      646
    ],
    [
      3,
      646
    ]
  ],
  "color_presence": {
    "blue": false,
    "green": true,
    "yellow": true,
    "red": true,
    "white": true
  },
  "color_stats": {
    "blue": {
      "pixels": 8,
      "ratio": 0.0001707540927621609
    },
    "green": {
      "pixels": 1535,
      "ratio": 0.03276344154873962
    },
    "yellow": {
      "pixels": 1234,
      "ratio": 0.026338818808563317
    },
    "red": {
      "pixels": 2242,
      "ratio": 0.04785383449659559
    },
    "white": {
      "pixels": 41804,
      "ratio": 0.8922755117286717
    }
  },
  "color_valid_pixels": 46851,
  "re_ocr_text": "X3",
  "re_ocr_confidence": 1.0,
  "re_ocr_details": [
    {
      "text": "X3",
      "confidence": 1.0,
      "color_info": null,
      "matched_key": "X3",
      "template_match_res": true,
      "template_match_score": 0.5839227437973022,
      "template_name": "ll1_r",
      "color_presence": {
        "blue": false,
        "green": true,
        "yellow": true,
        "red": true,
        "white": true
      },
      "color_stats": {
        "blue": {
          "pixels": 8,
          "ratio": 0.0001707540927621609
        },
        "green": {
          "pixels": 1535,
          "ratio": 0.03276344154873962
        },
        "yellow": {
          "pixels": 1234,
          "ratio": 0.026338818808563317
        },
        "red": {
          "pixels": 2242,
          "ratio": 0.04785383449659559
        },
        "white": {
          "pixels": 41804,
          "ratio": 0.8922755117286717
        }
      }
    }
  ],
  "matched_keys": [
    "X3"
  ]
}