{
  "micro_image_name": "micro_0012_X10.jpg",
  "text": "X10",
  "global_poly": [
    [
      14736,
      2237
    ],
    [
      14838,
      2237
    ],
    [
      14838,
      2301
    ],
    [
      14736,
      2301
    ]
  ],
  "micro_poly": [
    [
      0,
      40
    ],
    [
      102,
      40
    ],
    [
      102,
      104
    ],
    [
      0,
      104
    ]
  ],
  "source_split_image": "split_119_14000_2100.jpg",
  "split_poly": [
    [
      736,
      137
    ],
    [
      838,
      137
    ],
    [
      838,
      201
    ],
    [
      736,
      201
    ]
  ],
  "color_presence": {
    "blue": false,
    "green": true,
    "yellow": true,
    "red": true,
    "white": true
  },
  "color_stats": {
    "blue": {
      "pixels": 10,
      "ratio": 0.00022821671459217674
    },
    "green": {
      "pixels": 1525,
      "ratio": 0.03480304897530695
    },
    "yellow": {
      "pixels": 1215,
      "ratio": 0.02772833082294947
    },
    "red": {
      "pixels": 1688,
      "ratio": 0.03852298142315943
    },
    "white": {
      "pixels": 39367,
      "ratio": 0.8984207403350222
    }
  },
  "color_valid_pixels": 43818,
  "re_ocr_text": "X10",
  "re_ocr_confidence": 1.0,
  "re_ocr_details": [
    {
      "text": "X10",
      "confidence": 1.0,
      "color_info": null,
      "matched_key": "X1",
      "template_match_res": true,
      "template_match_score": 0.5846846103668213,
      "template_name": "ll1_l",
      "color_presence": {
        "blue": false,
        "green": true,
        "yellow": true,
        "red": true,
        "white": true
      },
      "color_stats": {
        "blue": {
          "pixels": 10,
          "ratio": 0.00022821671459217674
        },
        "green": {
          "pixels": 1525,
          "ratio": 0.03480304897530695
        },
        "yellow": {
          "pixels": 1215,
          "ratio": 0.02772833082294947
        },
        "red": {
          "pixels": 1688,
          "ratio": 0.03852298142315943
        },
        "white": {
          "pixels": 39367,
          "ratio": 0.8984207403350222
        }
      }
    }
  ],
  "matched_keys": [
    "X1"
  ]
}