{
  "micro_image_name": "micro_0143_SVII.jpg",
  "text": "SVII",
  "global_poly": [
    [
      11189,
      1900
    ],
    [
      11296,
      1904
    ],
    [
      11294,
      1975
    ],
    [
      11187,
      1972
    ]
  ],
  "micro_poly": [
    [
      252,
      40
    ],
    [
      359,
      44
    ],
    [
      357,
      115
    ],
    [
      250,
      112
    ]
  ],
  "source_split_image": "split_81_10500_1400.jpg",
  "split_poly": [
    [
      689,
      500
    ],
    [
      796,
      504
    ],
    [
      794,
      575
    ],
    [
      687,
      572
    ]
  ],
  "color_presence": {
    "blue": false,
    "green": true,
    "yellow": true,
    "red": true,
    "white": true
  },
  "color_stats": {
    "blue": {
      "pixels": 4,
      "ratio": 8.593464670118375e-05
    },
    "green": {
      "pixels": 1524,
      "ratio": 0.03274110039315101
    },
    "yellow": {
      "pixels": 1238,
      "ratio": 0.02659677315401637
    },
    "red": {
      "pixels": 1556,
      "ratio": 0.03342857756676048
    },
    "white": {
      "pixels": 42212,
      "ratio": 0.9068683266375921
    }
  },
  "color_valid_pixels": 46547,
  "re_ocr_text": "SVII",
  "re_ocr_confidence": 0.767736554145813,
  "re_ocr_details": [
    {
      "text": "SVII",
      "confidence": 0.767736554145813,
      "color_info": null,
      "matched_key": "S",
      "template_match_res": false,
      "template_match_score": 0.5539116859436035,
      "template_name": "ll1_l",
      "color_presence": {
        "blue": false,
        "green": true,
        "yellow": true,
        "red": true,
        "white": true
      },
      "color_stats": {
        "blue": {
          "pixels": 4,
          "ratio": 8.593464670118375e-05
        },
        "green": {
          "pixels": 1524,
          "ratio": 0.03274110039315101
        },
        "yellow": {
          "pixels": 1238,
          "ratio": 0.02659677315401637
        },
        "red": {
          "pixels": 1556,
          "ratio": 0.03342857756676048
        },
        "white": {
          "pixels": 42212,
          "ratio": 0.9068683266375921
        }
      }
    }
  ],
  "matched_keys": [
    "S"
  ]
}