{
  "micro_image_name": "micro_0066_D29.jpg",
  "text": "D29",
  "global_poly": [
    [
      6629,
      1058
    ],
    [
      6733,
      1058
    ],
    [
      6733,
      1115
    ],
    [
      6629,
      1115
    ]
  ],
  "micro_poly": [
    [
      0,
      40
    ],
    [
      104,
      40
    ],
    [
      104,
      97
    ],
    [
      0,
      97
    ]
  ],
  "source_split_image": "split_42_6300_700.jpg",
  "split_poly": [
    [
      329,
      358
    ],
    [
      433,
      358
    ],
    [
      433,
      415
    ],
    [
      329,
      415
    ]
  ],
  "color_presence": {
    "blue": true,
    "green": false,
    "yellow": false,
    "red": false,
    "white": true
  },
  "color_stats": {
    "blue": {
      "pixels": 358,
      "ratio": 0.008043136373848573
    },
    "green": {
      "pixels": 5,
      "ratio": 0.00011233430689732644
    },
    "yellow": {
      "pixels": 1,
      "ratio": 2.246686137946529e-05
    },
    "red": {
      "pixels": 0,
      "ratio": 0.0
    },
    "white": {
      "pixels": 44146,
      "ratio": 0.9918220624578746
    }
  },
  "color_valid_pixels": 44510,
  "re_ocr_text": "D29",
  "re_ocr_confidence": 1.0,
  "re_ocr_details": [
    {
      "text": "D29",
      "confidence": 1.0,
      "color_info": null,
      "matched_key": "D29",
      "color_presence": {
        "blue": true,
        "green": false,
        "yellow": false,
        "red": false,
        "white": true
      },
      "color_stats": {
        "blue": {
          "pixels": 358,
          "ratio": 0.008043136373848573
        },
        "green": {
          "pixels": 5,
          "ratio": 0.00011233430689732644
        },
        "yellow": {
          "pixels": 1,
          "ratio": 2.246686137946529e-05
        },
        "red": {
          "pixels": 0,
          "ratio": 0.0
        },
        "white": {
          "pixels": 44146,
          "ratio": 0.9918220624578746
        }
      }
    }
  ],
  "matched_keys": [
    "D29"
  ]
}