{
  "micro_image_name": "micro_0114_SF.jpg",
  "text": "SF",
  "global_poly": [
    [
      20546,
      1291
    ],
    [
      20618,
      1291
    ],
    [
      20618,
      1353
    ],
    [
      20546,
      1353
    ]
  ],
  "micro_poly": [
    [
      250,
      40
    ],
    [
      322,
      40
    ],
    [
      322,
      102
    ],
    [
      250,
      102
    ]
  ],
  "source_split_image": "split_62_20300_700.jpg",
  "split_poly": [
    [
      246,
      591
    ],
    [
      318,
      591
    ],
    [
      318,
      653
    ],
    [
      246,
      653
    ]
  ],
  "color_presence": {
    "blue": false,
    "green": false,
    "yellow": true,
    "red": true,
    "white": true
  },
  "color_stats": {
    "blue": {
      "pixels": 15,
      "ratio": 0.00031780334329117144
    },
    "green": {
      "pixels": 15,
      "ratio": 0.00031780334329117144
    },
    "yellow": {
      "pixels": 2448,
      "ratio": 0.05186550562511918
    },
    "red": {
      "pixels": 1566,
      "ratio": 0.0331786690395983
    },
    "white": {
      "pixels": 43159,
      "ratio": 0.9144049662069111
    }
  },
  "color_valid_pixels": 47199,
  "re_ocr_text": "SF",
  "re_ocr_confidence": 1.0,
  "re_ocr_details": [
    {
      "text": "SF",
      "confidence": 1.0,
      "color_info": null,
      "matched_key": "SF",
      "color_presence": {
        "blue": false,
        "green": false,
        "yellow": true,
        "red": true,
        "white": true
      },
      "color_stats": {
        "blue": {
          "pixels": 15,
          "ratio": 0.00031780334329117144
        },
        "green": {
          "pixels": 15,
          "ratio": 0.00031780334329117144
        },
        "yellow": {
          "pixels": 2448,
          "ratio": 0.05186550562511918
        },
        "red": {
          "pixels": 1566,
          "ratio": 0.0331786690395983
        },
        "white": {
          "pixels": 43159,
          "ratio": 0.9144049662069111
        }
      }
    }
  ],
  "matched_keys": [
    "SF"
  ]
}