{
  "micro_image_name": "micro_0013_X10.jpg",
  "text": "X10",
  "global_poly": [
    [
      14736,
      2239
    ],
    [
      14836,
      2239
    ],
    [
      14836,
      2299
    ],
    [
      14736,
      2299
    ]
  ],
  "micro_poly": [
    [
      0,
      40
    ],
    [
      100,
      40
    ],
    [
      100,
      100
    ],
    [
      0,
      100
    ]
  ],
  "source_split_image": "split_120_14700_2100.jpg",
  "split_poly": [
    [
      36,
      139
    ],
    [
      136,
      139
    ],
    [
      136,
      199
    ],
    [
      36,
      199
    ]
  ],
  "color_presence": {
    "blue": false,
    "green": true,
    "yellow": true,
    "red": true,
    "white": true
  },
  "color_stats": {
    "blue": {
      "pixels": 10,
      "ratio": 0.0002368714025155743
    },
    "green": {
      "pixels": 1525,
      "ratio": 0.03612288888362508
    },
    "yellow": {
      "pixels": 1215,
      "ratio": 0.028779875405642277
    },
    "red": {
      "pixels": 1559,
      "ratio": 0.036928251652178036
    },
    "white": {
      "pixels": 37895,
      "ratio": 0.8976241798327688
    }
  },
  "color_valid_pixels": 42217,
  "re_ocr_text": "X10",
  "re_ocr_confidence": 1.0,
  "re_ocr_details": [
    {
      "text": "X10",
      "confidence": 1.0,
      "color_info": null,
      "matched_key": "X1",
      "template_match_res": true,
      "template_match_score": 0.5839227437973022,
      "template_name": "ll1_r",
      "color_presence": {
        "blue": false,
        "green": true,
        "yellow": true,
        "red": true,
        "white": true
      },
      "color_stats": {
        "blue": {
          "pixels": 10,
          "ratio": 0.0002368714025155743
        },
        "green": {
          "pixels": 1525,
          "ratio": 0.03612288888362508
        },
        "yellow": {
          "pixels": 1215,
          "ratio": 0.028779875405642277
        },
        "red": {
          "pixels": 1559,
          "ratio": 0.036928251652178036
        },
        "white": {
          "pixels": 37895,
          "ratio": 0.8976241798327688
        }
      }
    }
  ],
  "matched_keys": [
    "X1"
  ]
}