{
  "micro_image_name": "micro_0076_D57.jpg",
  "text": "D57",
  "global_poly": [
    [
      9344,
      1058
    ],
    [
      9444,
      1058
    ],
    [
      9444,
      1115
    ],
    [
      9344,
      1115
    ]
  ],
  "micro_poly": [
    [
      0,
      40
    ],
    [
      100,
      40
    ],
    [
      100,
      97
    ],
    [
      0,
      97
    ]
  ],
  "source_split_image": "split_46_9100_700.jpg",
  "split_poly": [
    [
      244,
      358
    ],
    [
      344,
      358
    ],
    [
      344,
      415
    ],
    [
      244,
      415
    ]
  ],
  "color_presence": {
    "blue": true,
    "green": false,
    "yellow": false,
    "red": false,
    "white": true
  },
  "color_stats": {
    "blue": {
      "pixels": 377,
      "ratio": 0.008554378162510494
    },
    "green": {
      "pixels": 12,
      "ratio": 0.0002722878990719521
    },
    "yellow": {
      "pixels": 4,
      "ratio": 9.076263302398403e-05
    },
    "red": {
      "pixels": 0,
      "ratio": 0.0
    },
    "white": {
      "pixels": 43681,
      "ratio": 0.9911506432801616
    }
  },
  "color_valid_pixels": 44071,
  "re_ocr_text": "D57",
  "re_ocr_confidence": 1.0,
  "re_ocr_details": [
    {
      "text": "D57",
      "confidence": 1.0,
      "color_info": null,
      "matched_key": "D57",
      "color_presence": {
        "blue": true,
        "green": false,
        "yellow": false,
        "red": false,
        "white": true
      },
      "color_stats": {
        "blue": {
          "pixels": 377,
          "ratio": 0.008554378162510494
        },
        "green": {
          "pixels": 12,
          "ratio": 0.0002722878990719521
        },
        "yellow": {
          "pixels": 4,
          "ratio": 9.076263302398403e-05
        },
        "red": {
          "pixels": 0,
          "ratio": 0.0
        },
        "white": {
          "pixels": 43681,
          "ratio": 0.9911506432801616
        }
      }
    }
  ],
  "matched_keys": [
    "D57"
  ]
}