{
  "micro_image_name": "micro_0150_SVII.jpg",
  "text": "SVII",
  "global_poly": [
    [
      13066,
      1669
    ],
    [
      13172,
      1669
    ],
    [
      13172,
      1736
    ],
    [
      13066,
      1736
    ]
  ],
  "micro_poly": [
    [
      250,
      40
    ],
    [
      356,
      40
    ],
    [
      356,
      107
    ],
    [
      250,
      107
    ]
  ],
  "source_split_image": "split_84_12600_1400.jpg",
  "split_poly": [
    [
      466,
      269
    ],
    [
      572,
      269
    ],
    [
      572,
      336
    ],
    [
      466,
      336
    ]
  ],
  "color_presence": {
    "blue": false,
    "green": true,
    "yellow": true,
    "red": true,
    "white": true
  },
  "color_stats": {
    "blue": {
      "pixels": 18,
      "ratio": 0.00041792430926398884
    },
    "green": {
      "pixels": 1532,
      "ratio": 0.03557000232180172
    },
    "yellow": {
      "pixels": 1241,
      "ratio": 0.0288135593220339
    },
    "red": {
      "pixels": 2131,
      "ratio": 0.049477594613420016
    },
    "white": {
      "pixels": 38128,
      "ratio": 0.8852565590898537
    }
  },
  "color_valid_pixels": 43070,
  "re_ocr_text": "SVI",
  "re_ocr_confidence": 0.9575747847557068,
  "re_ocr_details": [
    {
      "text": "SVI",
      "confidence": 0.9575747847557068,
      "color_info": null,
      "matched_key": "S",
      "template_match_res": true,
      "template_match_score": 0.5676321387290955,
      "template_name": "ll1_l",
      "color_presence": {
        "blue": false,
        "green": true,
        "yellow": true,
        "red": true,
        "white": true
      },
      "color_stats": {
        "blue": {
          "pixels": 18,
          "ratio": 0.00041792430926398884
        },
        "green": {
          "pixels": 1532,
          "ratio": 0.03557000232180172
        },
        "yellow": {
          "pixels": 1241,
          "ratio": 0.0288135593220339
        },
        "red": {
          "pixels": 2131,
          "ratio": 0.049477594613420016
        },
        "white": {
          "pixels": 38128,
          "ratio": 0.8852565590898537
        }
      }
    }
  ],
  "matched_keys": [
    "S"
  ]
}