{
  "micro_image_name": "micro_0006_S9.jpg",
  "text": "S9",
  "global_poly": [
    [
      11282,
      2140
    ],
    [
      11360,
      2140
    ],
    [
      11360,
      2207
    ],
    [
      11282,
      2207
    ]
  ],
  "micro_poly": [
    [
      250,
      40
    ],
    [
      328,
      40
    ],
    [
      328,
      107
    ],
    [
      250,
      107
    ]
  ],
  "source_split_image": "split_114_10500_2100.jpg",
  "split_poly": [
    [
      782,
      40
    ],
    [
      860,
      40
    ],
    [
      860,
      107
    ],
    [
      782,
      107
    ]
  ],
  "color_presence": {
    "blue": false,
    "green": true,
    "yellow": true,
    "red": true,
    "white": true
  },
  "color_stats": {
    "blue": {
      "pixels": 12,
      "ratio": 0.00023531718795960388
    },
    "green": {
      "pixels": 1525,
      "ratio": 0.029904892636532992
    },
    "yellow": {
      "pixels": 1220,
      "ratio": 0.023923914109226396
    },
    "red": {
      "pixels": 2108,
      "ratio": 0.04133738601823708
    },
    "white": {
      "pixels": 46119,
      "ratio": 0.9043827826257477
    }
  },
  "color_valid_pixels": 50995,
  "re_ocr_text": "S9",
  "re_ocr_confidence": 1.0,
  "re_ocr_details": [
    {
      "text": "S9",
      "confidence": 1.0,
      "color_info": null,
      "matched_key": "S9",
      "template_match_res": false,
      "template_match_score": 0.5539116859436035,
      "template_name": "ll1_l",
      "color_presence": {
        "blue": false,
        "green": true,
        "yellow": true,
        "red": true,
        "white": true
      },
      "color_stats": {
        "blue": {
          "pixels": 12,
          "ratio": 0.00023531718795960388
        },
        "green": {
          "pixels": 1525,
          "ratio": 0.029904892636532992
        },
        "yellow": {
          "pixels": 1220,
          "ratio": 0.023923914109226396
        },
        "red": {
          "pixels": 2108,
          "ratio": 0.04133738601823708
        },
        "white": {
          "pixels": 46119,
          "ratio": 0.9043827826257477
        }
      }
    }
  ],
  "matched_keys": [
    "S9"
  ]
}