{
  "micro_image_name": "micro_0148_S9.jpg",
  "text": "S9",
  "global_poly": [
    [
      11283,
      2142
    ],
    [
      11357,
      2142
    ],
    [
      11357,
      2210
    ],
    [
      11283,
      2210
    ]
  ],
  "micro_poly": [
    [
      250,
      40
    ],
    [
      324,
      40
    ],
    [
      324,
      108
    ],
    [
      250,
      108
    ]
  ],
  "source_split_image": "split_82_11200_1400.jpg",
  "split_poly": [
    [
      83,
      742
    ],
    [
      157,
      742
    ],
    [
      157,
      810
    ],
    [
      83,
      810
    ]
  ],
  "color_presence": {
    "blue": false,
    "green": true,
    "yellow": true,
    "red": true,
    "white": true
  },
  "color_stats": {
    "blue": {
      "pixels": 12,
      "ratio": 0.0002362297728257018
    },
    "green": {
      "pixels": 1525,
      "ratio": 0.03002086696326627
    },
    "yellow": {
      "pixels": 1220,
      "ratio": 0.024016693570613017
    },
    "red": {
      "pixels": 2272,
      "ratio": 0.04472617032166621
    },
    "white": {
      "pixels": 45756,
      "ratio": 0.9007441237844009
    }
  },
  "color_valid_pixels": 50798,
  "re_ocr_text": "S9",
  "re_ocr_confidence": 1.0,
  "re_ocr_details": [
    {
      "text": "S9",
      "confidence": 1.0,
      "color_info": null,
      "matched_key": "S9",
      "template_match_res": false,
      "template_match_score": 0.5539116859436035,
      "template_name": "ll1_l",
      "color_presence": {
        "blue": false,
        "green": true,
        "yellow": true,
        "red": true,
        "white": true
      },
      "color_stats": {
        "blue": {
          "pixels": 12,
          "ratio": 0.0002362297728257018
        },
        "green": {
          "pixels": 1525,
          "ratio": 0.03002086696326627
        },
        "yellow": {
          "pixels": 1220,
          "ratio": 0.024016693570613017
        },
        "red": {
          "pixels": 2272,
          "ratio": 0.04472617032166621
        },
        "white": {
          "pixels": 45756,
          "ratio": 0.9007441237844009
        }
      }
    }
  ],
  "matched_keys": [
    "S9"
  ]
}