{
  "micro_image_name": "micro_0138_D31.jpg",
  "text": "D31",
  "global_poly": [
    [
      7894,
      2146
    ],
    [
      7989,
      2146
    ],
    [
      7989,
      2206
    ],
    [
      7894,
      2206
    ]
  ],
  "micro_poly": [
    [
      250,
      40
    ],
    [
      345,
      40
    ],
    [
      345,
      100
    ],
    [
      250,
      100
    ]
  ],
  "source_split_image": "split_77_7700_1400.jpg",
  "split_poly": [
    [
      194,
      746
    ],
    [
      289,
      746
    ],
    [
      289,
      806
    ],
    [
      194,
      806
    ]
  ],
  "color_presence": {
    "blue": true,
    "green": false,
    "yellow": false,
    "red": false,
    "white": true
  },
  "color_stats": {
    "blue": {
      "pixels": 368,
      "ratio": 0.0070266554647521575
    },
    "green": {
      "pixels": 1,
      "ratio": 1.9094172458565644e-05
    },
    "yellow": {
      "pixels": 4,
      "ratio": 7.637668983426258e-05
    },
    "red": {
      "pixels": 0,
      "ratio": 0.0
    },
    "white": {
      "pixels": 51998,
      "ratio": 0.9928587795004965
    }
  },
  "color_valid_pixels": 52372,
  "re_ocr_text": "D31",
  "re_ocr_confidence": 1.0,
  "re_ocr_details": [
    {
      "text": "D31",
      "confidence": 1.0,
      "color_info": null,
      "matched_key": "D31",
      "color_presence": {
        "blue": true,
        "green": false,
        "yellow": false,
        "red": false,
        "white": true
      },
      "color_stats": {
        "blue": {
          "pixels": 368,
          "ratio": 0.0070266554647521575
        },
        "green": {
          "pixels": 1,
          "ratio": 1.9094172458565644e-05
        },
        "yellow": {
          "pixels": 4,
          "ratio": 7.637668983426258e-05
        },
        "red": {
          "pixels": 0,
          "ratio": 0.0
        },
        "white": {
          "pixels": 51998,
          "ratio": 0.9928587795004965
        }
      }
    }
  ],
  "matched_keys": [
    "D31"
  ]
}