{
  "micro_image_name": "micro_0174_X.jpg",
  "text": "X",
  "global_poly": [
    [
      20449,
      1533
    ],
    [
      20489,
      1533
    ],
    [
      20489,
      1561
    ],
    [
      20449,
      1561
    ]
  ],
  "micro_poly": [
    [
      250,
      40
    ],
    [
      290,
      40
    ],
    [
      290,
      68
    ],
    [
      250,
      68
    ]
  ],
  "source_split_image": "split_94_19600_1400.jpg",
  "split_poly": [
    [
      849,
      133
    ],
    [
      889,
      133
    ],
    [
      889,
      161
    ],
    [
      849,
      161
    ]
  ],
  "color_presence": {
    "blue": false,
    "green": false,
    "yellow": true,
    "red": true,
    "white": true
  },
  "color_stats": {
    "blue": {
      "pixels": 9,
      "ratio": 0.0002694610778443114
    },
    "green": {
      "pixels": 6,
      "ratio": 0.00017964071856287425
    },
    "yellow": {
      "pixels": 2444,
      "ratio": 0.07317365269461078
    },
    "red": {
      "pixels": 1090,
      "ratio": 0.03263473053892216
    },
    "white": {
      "pixels": 29846,
      "ratio": 0.8935928143712575
    }
  },
  "color_valid_pixels": 33400,
  "re_ocr_text": "X",
  "re_ocr_confidence": 1.0,
  "re_ocr_details": [
    {
      "text": "X",
      "confidence": 1.0,
      "color_info": null,
      "matched_key": "X",
      "template_match_res": false,
      "template_match_score": 0.5539116859436035,
      "template_name": "ll1_l",
      "color_presence": {
        "blue": false,
        "green": false,
        "yellow": true,
        "red": true,
        "white": true
      },
      "color_stats": {
        "blue": {
          "pixels": 9,
          "ratio": 0.0002694610778443114
        },
        "green": {
          "pixels": 6,
          "ratio": 0.00017964071856287425
        },
        "yellow": {
          "pixels": 2444,
          "ratio": 0.07317365269461078
        },
        "red": {
          "pixels": 1090,
          "ratio": 0.03263473053892216
        },
        "white": {
          "pixels": 29846,
          "ratio": 0.8935928143712575
        }
      }
    }
  ],
  "matched_keys": [
    "X"
  ]
}