{
  "micro_image_name": "micro_0056_DJ1.jpg",
  "text": "DJ1",
  "global_poly": [
    [
      1480,
      1198
    ],
    [
      1573,
      1201
    ],
    [
      1571,
      1261
    ],
    [
      1478,
      1258
    ]
  ],
  "micro_poly": [
    [
      250,
      40
    ],
    [
      343,
      43
    ],
    [
      341,
      103
    ],
    [
      248,
      100
    ]
  ],
  "source_split_image": "split_35_1400_700.jpg",
  "split_poly": [
    [
      80,
      498
    ],
    [
      173,
      501
    ],
    [
      171,
      561
    ],
    [
      78,
      558
    ]
  ],
  "color_presence": {
    "blue": true,
    "green": false,
    "yellow": false,
    "red": true,
    "white": true
  },
  "color_stats": {
    "blue": {
      "pixels": 366,
      "ratio": 0.004685939620515709
    },
    "green": {
      "pixels": 0,
      "ratio": 0.0
    },
    "yellow": {
      "pixels": 6,
      "ratio": 7.681868230353622e-05
    },
    "red": {
      "pixels": 310,
      "ratio": 0.003968965252349371
    },
    "white": {
      "pixels": 77421,
      "ratio": 0.9912298671036797
    }
  },
  "color_valid_pixels": 78106,
  "re_ocr_text": "DJ1",
  "re_ocr_confidence": 0.9998000264167786,
  "re_ocr_details": [
    {
      "text": "DJ1",
      "confidence": 0.9998000264167786,
      "color_info": null,
      "matched_key": null,
      "color_presence": {
        "blue": true,
        "green": false,
        "yellow": false,
        "red": true,
        "white": true
      },
      "color_stats": {
        "blue": {
          "pixels": 366,
          "ratio": 0.004685939620515709
        },
        "green": {
          "pixels": 0,
          "ratio": 0.0
        },
        "yellow": {
          "pixels": 6,
          "ratio": 7.681868230353622e-05
        },
        "red": {
          "pixels": 310,
          "ratio": 0.003968965252349371
        },
        "white": {
          "pixels": 77421,
          "ratio": 0.9912298671036797
        }
      }
    }
  ],
  "matched_keys": []
}