{
  "micro_image_name": "micro_0176_S4.jpg",
  "text": "S4",
  "global_poly": [
    [
      20552,
      1913
    ],
    [
      20599,
      1913
    ],
    [
      20599,
      1961
    ],
    [
      20552,
      1961
    ]
  ],
  "micro_poly": [
    [
      250,
      40
    ],
    [
      297,
      40
    ],
    [
      297,
      88
    ],
    [
      250,
      88
    ]
  ],
  "source_split_image": "split_94_19600_1400.jpg",
  "split_poly": [
    [
      952,
      513
    ],
    [
      999,
      513
    ],
    [
      999,
      561
    ],
    [
      952,
      561
    ]
  ],
  "color_presence": {
    "blue": false,
    "green": true,
    "yellow": true,
    "red": true,
    "white": true
  },
  "color_stats": {
    "blue": {
      "pixels": 15,
      "ratio": 0.0004000320025602048
    },
    "green": {
      "pixels": 1526,
      "ratio": 0.04069658906045817
    },
    "yellow": {
      "pixels": 2459,
      "ratio": 0.06557857961970291
    },
    "red": {
      "pixels": 1560,
      "ratio": 0.0416033282662613
    },
    "white": {
      "pixels": 31934,
      "ratio": 0.8516414646505054
    }
  },
  "color_valid_pixels": 37497,
  "re_ocr_text": "S4",
  "re_ocr_confidence": 1.0,
  "re_ocr_details": [
    {
      "text": "S4",
      "confidence": 1.0,
      "color_info": null,
      "matched_key": "S4",
      "template_match_res": true,
      "template_match_score": 0.5698283910751343,
      "template_name": "ll1_r",
      "color_presence": {
        "blue": false,
        "green": true,
        "yellow": true,
        "red": true,
        "white": true
      },
      "color_stats": {
        "blue": {
          "pixels": 15,
          "ratio": 0.0004000320025602048
        },
        "green": {
          "pixels": 1526,
          "ratio": 0.04069658906045817
        },
        "yellow": {
          "pixels": 2459,
          "ratio": 0.06557857961970291
        },
        "red": {
          "pixels": 1560,
          "ratio": 0.0416033282662613
        },
        "white": {
          "pixels": 31934,
          "ratio": 0.8516414646505054
        }
      }
    }
  ],
  "matched_keys": [
    "S4"
  ]
}