{
  "micro_image_name": "micro_0110_SF.jpg",
  "text": "SF",
  "global_poly": [
    [
      20547,
      1295
    ],
    [
      20600,
      1295
    ],
    [
      20600,
      1351
    ],
    [
      20547,
      1351
    ]
  ],
  "micro_poly": [
    [
      250,
      40
    ],
    [
      303,
      40
    ],
    [
      303,
      96
    ],
    [
      250,
      96
    ]
  ],
  "source_split_image": "split_61_19600_700.jpg",
  "split_poly": [
    [
      947,
      595
    ],
    [
      1000,
      595
    ],
    [
      1000,
      651
    ],
    [
      947,
      651
    ]
  ],
  "color_presence": {
    "blue": false,
    "green": false,
    "yellow": true,
    "red": true,
    "white": true
  },
  "color_stats": {
    "blue": {
      "pixels": 15,
      "ratio": 0.0003505491937368544
    },
    "green": {
      "pixels": 15,
      "ratio": 0.0003505491937368544
    },
    "yellow": {
      "pixels": 2448,
      "ratio": 0.05720962841785464
    },
    "red": {
      "pixels": 1566,
      "ratio": 0.0365973358261276
    },
    "white": {
      "pixels": 38750,
      "ratio": 0.9055854171535406
    }
  },
  "color_valid_pixels": 42790,
  "re_ocr_text": "SF",
  "re_ocr_confidence": 1.0,
  "re_ocr_details": [
    {
      "text": "SF",
      "confidence": 1.0,
      "color_info": null,
      "matched_key": "SF",
      "color_presence": {
        "blue": false,
        "green": false,
        "yellow": true,
        "red": true,
        "white": true
      },
      "color_stats": {
        "blue": {
          "pixels": 15,
          "ratio": 0.0003505491937368544
        },
        "green": {
          "pixels": 15,
          "ratio": 0.0003505491937368544
        },
        "yellow": {
          "pixels": 2448,
          "ratio": 0.05720962841785464
        },
        "red": {
          "pixels": 1566,
          "ratio": 0.0365973358261276
        },
        "white": {
          "pixels": 38750,
          "ratio": 0.9055854171535406
        }
      }
    }
  ],
  "matched_keys": [
    "SF"
  ]
}