{
  "micro_image_name": "micro_0072_D51.jpg",
  "text": "D51",
  "global_poly": [
    [
      8201,
      1199
    ],
    [
      8301,
      1202
    ],
    [
      8299,
      1264
    ],
    [
      8200,
      1261
    ]
  ],
  "micro_poly": [
    [
      250,
      40
    ],
    [
      350,
      43
    ],
    [
      348,
      105
    ],
    [
      249,
      102
    ]
  ],
  "source_split_image": "split_44_7700_700.jpg",
  "split_poly": [
    [
      501,
      499
    ],
    [
      601,
      502
    ],
    [
      599,
      564
    ],
    [
      500,
      561
    ]
  ],
  "color_presence": {
    "blue": true,
    "green": false,
    "yellow": false,
    "red": false,
    "white": true
  },
  "color_stats": {
    "blue": {
      "pixels": 358,
      "ratio": 0.007778212314778603
    },
    "green": {
      "pixels": 4,
      "ratio": 8.690740016512406e-05
    },
    "yellow": {
      "pixels": 1,
      "ratio": 2.1726850041281015e-05
    },
    "red": {
      "pixels": 0,
      "ratio": 0.0
    },
    "white": {
      "pixels": 45663,
      "ratio": 0.9921131534350149
    }
  },
  "color_valid_pixels": 46026,
  "re_ocr_text": "D51",
  "re_ocr_confidence": 1.0,
  "re_ocr_details": [
    {
      "text": "D51",
      "confidence": 1.0,
      "color_info": null,
      "matched_key": "D51",
      "color_presence": {
        "blue": true,
        "green": false,
        "yellow": false,
        "red": false,
        "white": true
      },
      "color_stats": {
        "blue": {
          "pixels": 358,
          "ratio": 0.007778212314778603
        },
        "green": {
          "pixels": 4,
          "ratio": 8.690740016512406e-05
        },
        "yellow": {
          "pixels": 1,
          "ratio": 2.1726850041281015e-05
        },
        "red": {
          "pixels": 0,
          "ratio": 0.0
        },
        "white": {
          "pixels": 45663,
          "ratio": 0.9921131534350149
        }
      }
    }
  ],
  "matched_keys": [
    "D51"
  ]
}