{
  "micro_image_name": "micro_0119_X.jpg",
  "text": "X",
  "global_poly": [
    [
      2585,
      1769
    ],
    [
      2628,
      1767
    ],
    [
      2631,
      1820
    ],
    [
      2589,
      1823
    ]
  ],
  "micro_poly": [
    [
      70,
      42
    ],
    [
      113,
      40
    ],
    [
      116,
      93
    ],
    [
      74,
      96
    ]
  ],
  "source_split_image": "split_69_2100_1400.jpg",
  "split_poly": [
    [
      485,
      369
    ],
    [
      528,
      367
    ],
    [
      531,
      420
    ],
    [
      489,
      423
    ]
  ],
  "color_presence": {
    "blue": false,
    "green": true,
    "yellow": true,
    "red": true,
    "white": true
  },
  "color_stats": {
    "blue": {
      "pixels": 14,
      "ratio": 0.00032770768474520726
    },
    "green": {
      "pixels": 1529,
      "ratio": 0.03579036071253014
    },
    "yellow": {
      "pixels": 2452,
      "ratio": 0.0573956602139463
    },
    "red": {
      "pixels": 2169,
      "ratio": 0.050771283443739615
    },
    "white": {
      "pixels": 36544,
      "ratio": 0.8554106879520611
    }
  },
  "color_valid_pixels": 42721,
  "re_ocr_text": "X",
  "re_ocr_confidence": 1.0,
  "re_ocr_details": [
    {
      "text": "X",
      "confidence": 1.0,
      "color_info": null,
      "matched_key": "X",
      "template_match_res": true,
      "template_match_score": 0.5698283910751343,
      "template_name": "ll1_r",
      "color_presence": {
        "blue": false,
        "green": true,
        "yellow": true,
        "red": true,
        "white": true
      },
      "color_stats": {
        "blue": {
          "pixels": 14,
          "ratio": 0.00032770768474520726
        },
        "green": {
          "pixels": 1529,
          "ratio": 0.03579036071253014
        },
        "yellow": {
          "pixels": 2452,
          "ratio": 0.0573956602139463
        },
        "red": {
          "pixels": 2169,
          "ratio": 0.050771283443739615
        },
        "white": {
          "pixels": 36544,
          "ratio": 0.8554106879520611
        }
      }
    }
  ],
  "matched_keys": [
    "X"
  ]
}